,Title,Year,Rated,Runtime,Genre,imdbRating,imdbVotes,BoxOffice
0,The Shawshank Redemption,1994,R,142 min,Drama,9.3,"2,662,343","$28,767,189"
1,The Godfather,1972,R,175 min,"Crime, Drama",9.2,"1,847,150","$136,381,073"
2,The Dark Knight,2008,PG-13,152 min,"Action, Crime, Drama",9.0,"2,638,780","$534,987,076"
3,The Lord of the Rings: The Return of the King,2003,PG-13,201 min,"Action, Adventure, Drama",9.0,"1,837,587","$378,251,207"
4,Schindler's List,1993,R,195 min,"Biography, Drama, History",9.0,"1,349,692","$96,898,818"
5,The Godfather Part II,1974,R,202 min,"Crime, Drama",9.0,"1,265,087","$47,834,595"
6,12 Angry Men,1957,Approved,96 min,"Crime, Drama",9.0,"786,180",N/A
7,777 Charlie,2022,N/A,164 min,"Adventure, Comedy, Drama",8.9,"30,143",N/A
8,Jai Bhim,2021,TV-MA,164 min,"Crime, Drama, Mystery",8.9,"200,553",N/A
9,Pulp Fiction,1994,R,154 min,"Crime, Drama",8.9,"2,040,285","$107,928,762"
10,Rocketry: The Nambi Effect,2022,N/A,157 min,"Biography, Drama",8.8,"49,364",N/A
11,Kantara,2022,N/A,148 min,"Action, Adventure, Drama",9.1,"66,433",N/A
12,Inception,2010,PG-13,148 min,"Action, Adventure, Sci-Fi",8.8,"2,338,153","$292,587,330"
13,The Lord of the Rings: The Two Towers,2002,PG-13,179 min,"Action, Adventure, Drama",8.8,"1,659,591","$342,952,511"
14,Fight Club,1999,R,139 min,Drama,8.8,"2,107,648","$37,030,102"
15,The Lord of the Rings: The Fellowship of the Ring,2001,PG-13,178 min,"Action, Adventure, Drama",8.8,"1,866,719","$316,115,420"
16,Forrest Gump,1994,PG-13,142 min,"Drama, Romance",8.8,"2,066,658","$330,455,270"
17,"The Good, the Bad and the Ugly",1966,R,178 min,"Adventure, Western",8.8,"759,634","$25,100,000"
18,Soorarai Pottru,2020,TV-MA,153 min,Drama,8.7,"116,589",N/A
19,The Matrix,1999,R,136 min,"Action, Sci-Fi",8.7,"1,902,439","$172,076,928"
20,Goodfellas,1990,R,145 min,"Biography, Crime, Drama",8.7,"1,155,302","$46,909,721"
21,Star Wars: Episode V - The Empire Strikes Back,1980,PG,124 min,"Action, Adventure, Fantasy",8.7,"1,287,175","$292,753,960"
22,One Flew Over the Cuckoo's Nest,1975,R,133 min,Drama,8.7,"1,004,277","$108,981,275"
23,Sita Ramam,2022,N/A,163 min,"Action, Drama, Mystery",8.5,"41,323",N/A
24,Interstellar,2014,PG-13,169 min,"Adventure, Drama, Sci-Fi",8.6,"1,812,488","$188,020,017"
25,City of God,2002,R,130 min,"Crime, Drama",8.6,"755,381","$7,564,459"
26,Spirited Away,2001,PG,125 min,"Animation, Adventure, Family",8.6,"759,839","$13,750,644"
27,Saving Private Ryan,1998,R,169 min,"Drama, War",8.6,"1,385,405","$217,049,603"
28,The Green Mile,1999,R,189 min,"Crime, Drama, Fantasy",8.6,"1,295,449","$136,801,374"
29,Life Is Beautiful,1997,PG-13,116 min,"Comedy, Drama, Romance",8.6,"692,359","$57,563,264"
30,Se7en,1995,R,127 min,"Crime, Drama, Mystery",8.6,"1,640,901","$100,125,643"
31,Terminator 2: Judgment Day,1991,R,137 min,"Action, Sci-Fi",8.6,"1,095,182","$205,881,154"
32,The Silence of the Lambs,1991,R,118 min,"Crime, Drama, Thriller",8.6,"1,426,455","$130,742,922"
33,Star Wars: Episode IV - A New Hope,1977,PG,121 min,"Action, Adventure, Fantasy",8.6,"1,359,272","$460,998,507"
34,Harakiri,1962,Not Rated,133 min,"Action, Drama, Mystery",8.6,"57,443",N/A
35,Seven Samurai,1954,Not Rated,207 min,"Action, Drama",8.6,"345,850","$318,649"
36,It's a Wonderful Life,1946,PG,130 min,"Drama, Family, Fantasy",8.6,"454,943","$44,000"
37,Kaithi,2019,Not Rated,145 min,"Action, Adventure, Crime",8.5,"32,361",N/A
38,96,2018,Not Rated,158 min,"Drama, Romance",8.5,"31,391",N/A
39,Parasite,2019,R,132 min,"Drama, Thriller",8.5,"792,997","$53,369,749"
40,Whiplash,2014,R,106 min,"Drama, Music",8.5,"854,378","$13,092,000"
41,The Intouchables,2011,R,112 min,"Biography, Comedy, Drama",8.5,"855,133","$10,198,820"
42,The Prestige,2006,PG-13,130 min,"Drama, Mystery, Sci-Fi",8.5,"1,326,186","$53,089,891"
43,The Departed,2006,R,151 min,"Crime, Drama, Thriller",8.5,"1,318,356","$132,399,394"
44,The Pianist,2002,R,150 min,"Biography, Drama, Music",8.5,"827,948","$32,572,577"
45,Gladiator,2000,R,155 min,"Action, Adventure, Drama",8.5,"1,493,754","$187,705,427"
46,American History X,1998,R,119 min,"Crime, Drama",8.5,"1,118,467","$6,719,864"
47,The Usual Suspects,1995,R,106 min,"Crime, Drama, Mystery",8.5,"1,082,635","$23,341,568"
48,Léon: The Professional,1994,R,110 min,"Action, Crime, Drama",8.5,"1,156,875","$19,501,238"
49,The Lion King,1994,G,88 min,"Animation, Adventure, Drama",8.5,"1,052,735","$422,783,777"
50,Cinema Paradiso,1988,PG,155 min,"Drama, Romance",8.5,"260,909","$12,397,210"
51,Grave of the Fireflies,1988,Not Rated,89 min,"Animation, Drama, War",8.5,"276,663","$516,962"
52,Back to the Future,1985,PG,116 min,"Adventure, Comedy, Sci-Fi",8.5,"1,199,152","$212,836,762"
53,Apocalypse Now,1979,R,147 min,"Drama, Mystery, War",8.5,"666,279","$96,041,782"
54,Alien,1979,R,117 min,"Horror, Sci-Fi",8.5,"880,228","$81,900,459"
55,Once Upon a Time in the West,1968,PG-13,165 min,Western,8.5,"329,463","$5,321,508"
56,Psycho,1960,R,109 min,"Horror, Mystery, Thriller",8.5,"670,743","$32,000,000"
57,Rear Window,1954,PG,112 min,"Mystery, Thriller",8.5,"490,940","$36,764,313"
58,Casablanca,1942,PG,102 min,"Drama, Romance, War",8.5,"570,558","$4,219,709"
59,Modern Times,1936,G,87 min,"Comedy, Drama, Romance",8.5,"242,887","$163,577"
60,City Lights,1931,G,87 min,"Comedy, Drama, Romance",8.5,"184,997","$19,181"
61,Asuran,2019,Not Rated,141 min,"Action, Drama",8.4,"29,646",N/A
62,Vikram,2022,N/A,175 min,"Action, Crime, Thriller",8.4,"57,414","$1,770,000"
63,Hamilton,2020,PG-13,160 min,"Biography, Drama, History",8.4,"94,546",N/A
64,Capernaum,2018,R,126 min,Drama,8.4,"89,644","$1,661,096"
65,Joker,2019,R,122 min,"Crime, Drama, Thriller",8.4,"1,266,234","$335,477,657"
66,Your Name.,2016,TV-PG,106 min,"Animation, Drama, Fantasy",8.4,"266,795","$5,017,246"
67,Spider-Man: Into the Spider-Verse,2018,PG,117 min,"Animation, Action, Adventure",8.4,"521,336","$190,241,310"
68,Avengers: Endgame,2019,PG-13,181 min,"Action, Adventure, Drama",8.4,"1,120,634","$858,373,000"
69,Avengers: Infinity War,2018,PG-13,149 min,"Action, Adventure, Sci-Fi",8.4,"1,072,648","$678,815,482"
70,Coco,2017,PG,105 min,"Animation, Adventure, Comedy",8.4,"504,838","$210,460,015"
71,Django Unchained,2012,R,165 min,"Drama, Western",8.4,"1,544,625","$162,805,434"
72,Top Gun: Maverick,2022,PG-13,130 min,"Action, Drama",8.4,"435,970","$716,498,761"
73,The Dark Knight Rises,2012,PG-13,164 min,"Action, Drama",8.4,"1,696,282","$448,149,584"
74,Drishyam 2,2021,N/A,152 min,"Crime, Drama, Thriller",8.4,"37,135",N/A
75,3 Idiots,2009,PG-13,170 min,"Comedy, Drama",8.4,"400,218","$6,532,874"
76,K.G.F: Chapter 2,2022,Not Rated,168 min,"Action, Crime, Drama",8.4,"130,944","$2,874,000"
77,Shershaah,2021,TV-14,135 min,"Action, Biography, Drama",8.4,"121,070",N/A
78,Sardar Udham,2021,TV-MA,164 min,"Biography, Crime, Drama",8.4,"42,325",N/A
79,Like Stars on Earth,2007,PG,165 min,"Drama, Family",8.3,"193,806","$1,223,869"
80,WALL·E,2008,G,98 min,"Animation, Adventure, Family",8.4,"1,112,363","$223,808,164"
81,The Lives of Others,2006,R,137 min,"Drama, Mystery, Thriller",8.4,"389,133","$11,286,112"
82,Oldboy,2003,R,120 min,"Action, Drama, Mystery",8.4,"578,285","$707,481"
83,Memento,2000,R,113 min,"Mystery, Thriller",8.4,"1,234,280","$25,544,867"
84,American Beauty,1999,R,122 min,Drama,8.4,"1,152,826","$130,096,601"
85,Princess Mononoke,1997,PG-13,134 min,"Animation, Action, Adventure",8.4,"393,756","$4,845,631"
86,Braveheart,1995,R,178 min,"Biography, Drama, History",8.4,"1,035,853","$75,609,945"
87,Come and See,1985,Not Rated,142 min,"Drama, Thriller, War",8.4,"79,971","$71,909"
88,Aliens,1986,R,137 min,"Action, Adventure, Sci-Fi",8.4,"716,518","$85,160,248"
89,Amadeus,1984,PG,160 min,"Biography, Drama, Music",8.4,"401,417","$51,973,029"
90,Indiana Jones and the Raiders of the Lost Ark,1981,PG,115 min,"Action, Adventure",8.4,"963,139","$248,159,971"
91,The Boat,1981,R,149 min,"Drama, War",8.4,"251,399","$11,487,676"
92,The Shining,1980,R,146 min,"Drama, Horror",8.4,"1,017,226","$45,634,352"
93,High and Low,1963,Not Rated,143 min,"Crime, Drama, Mystery",8.4,"45,304","$46,808"
94,Dr. Strangelove or: How I Learned to Stop Worrying and Love the Bomb,1964,PG,95 min,"Comedy, War",8.4,"491,002","$9,440,272"
95,Witness for the Prosecution,1957,Approved,116 min,"Crime, Drama, Mystery",8.4,"125,568",N/A
96,Paths of Glory,1957,Approved,88 min,"Drama, War",8.4,"197,696",N/A
97,Sunset Blvd.,1950,Passed,110 min,"Drama, Film-Noir",8.4,"221,829","$299,645"
98,The Great Dictator,1940,G,125 min,"Comedy, Drama, War",8.4,"224,374",N/A
99,Chhichhore,2019,Not Rated,143 min,"Comedy, Drama, Romance",8.3,"54,780","$2,004,400"
100,Raatchasan,2018,Not Rated,170 min,"Crime, Drama, Mystery",8.3,"44,757",N/A
101,Ayla: The Daughter of War,2017,N/A,125 min,"Biography, Drama, History",8.3,"40,126",N/A
102,Vikram Vedha,2017,Not Rated,147 min,"Action, Crime, Drama",8.3,"45,002",N/A
103,Dangal,2016,Not Rated,161 min,"Action, Biography, Drama",8.3,"191,599","$12,391,761"
104,Drishyam,2013,Not Rated,160 min,"Crime, Drama, Thriller",8.3,"41,584",N/A
105,The Hunt,2012,R,115 min,Drama,8.3,"328,964","$613,308"
106,A Separation,2011,PG-13,123 min,Drama,8.3,"245,510","$7,099,055"
107,Incendies,2010,R,131 min,"Drama, Mystery",8.3,"177,365","$2,071,334"
108,Spider-Man: No Way Home,2021,PG-13,148 min,"Action, Adventure, Fantasy",8.3,"746,844","$814,115,070"
109,Up,2009,PG,96 min,"Animation, Adventure, Comedy",8.3,"1,039,653","$293,004,164"
110,Toy Story 3,2010,G,103 min,"Animation, Adventure, Comedy",8.3,"834,338","$415,004,880"
111,Inglourious Basterds,2009,R,153 min,"Adventure, Drama, War",8.3,"1,441,001","$120,540,719"
112,Eternal Sunshine of the Spotless Mind,2004,R,108 min,"Drama, Romance, Sci-Fi",8.3,"1,003,816","$34,400,301"
113,Amélie,2001,R,122 min,"Comedy, Romance",8.3,"756,208","$33,225,499"
114,Requiem for a Dream,2000,Unrated,102 min,Drama,8.3,"840,283","$3,635,482"
115,Good Will Hunting,1997,R,126 min,"Drama, Romance",8.3,"963,999","$138,433,435"
116,Toy Story,1995,G,81 min,"Animation, Adventure, Comedy",8.3,"990,679","$223,225,679"
117,Heat,1995,R,170 min,"Action, Crime, Drama",8.3,"653,717","$67,436,818"
118,Reservoir Dogs,1992,R,99 min,"Crime, Thriller",8.3,"1,015,052","$2,832,029"
119,Full Metal Jacket,1987,R,116 min,"Drama, War",8.3,"741,966","$46,357,676"
120,Once Upon a Time in America,1984,R,229 min,"Crime, Drama",8.3,"352,179","$5,321,508"
121,Scarface,1983,R,170 min,"Crime, Drama",8.3,"837,280","$45,408,703"
122,Star Wars: Episode VI - Return of the Jedi,1983,PG,131 min,"Action, Adventure, Fantasy",8.3,"1,050,753","$309,306,177"
123,The Sting,1973,PG,129 min,"Comedy, Crime, Drama",8.3,"262,517","$156,000,000"
124,A Clockwork Orange,1971,X,136 min,"Crime, Sci-Fi",8.3,"828,547","$26,617,553"
125,2001: A Space Odyssey,1968,G,149 min,"Adventure, Sci-Fi",8.3,"667,754","$60,481,243"
126,To Kill a Mockingbird,1962,Approved,129 min,"Crime, Drama",8.3,"316,917","$592,237"
127,Lawrence of Arabia,1962,Approved,218 min,"Adventure, Biography, Drama",8.3,"294,015","$45,306,425"
128,Judgment at Nuremberg,1961,Approved,179 min,"Drama, War",8.3,"78,124",N/A
129,The Apartment,1960,Approved,125 min,"Comedy, Drama, Romance",8.3,"182,198","$18,600,000"
130,North by Northwest,1959,Approved,136 min,"Action, Adventure, Mystery",8.3,"328,642","$66,728"
131,Vertigo,1958,PG,128 min,"Mystery, Romance, Thriller",8.3,"402,208","$7,705,225"
132,Pather Panchali,1955,Not Rated,125 min,Drama,8.3,"33,358","$134,241"
133,Singin' in the Rain,1952,G,103 min,"Comedy, Musical, Romance",8.3,"242,677","$1,884,537"
134,Ikiru,1952,Not Rated,143 min,Drama,8.3,"78,896","$60,239"
135,Bicycle Thieves,1948,Not Rated,89 min,Drama,8.3,"164,211","$371,111"
136,Double Indemnity,1944,Passed,107 min,"Crime, Drama, Film-Noir",8.3,"157,839",N/A
137,Citizen Kane,1941,PG,119 min,"Drama, Mystery",8.3,"442,347","$1,627,530"
138,M,1931,Passed,99 min,"Crime, Mystery, Thriller",8.3,"158,197","$35,566"
139,Metropolis,1927,Not Rated,153 min,"Drama, Sci-Fi",8.3,"174,823","$1,236,166"
140,The Kid,1921,Passed,68 min,"Comedy, Drama, Family",8.3,"126,713",N/A
141,1917,2019,R,119 min,"Action, Drama, War",8.2,"585,036","$159,227,644"
142,Uri: The Surgical Strike,2019,Not Rated,138 min,"Action, Drama, History",8.2,"64,373","$4,186,168"
143,Tumbbad,2018,Not Rated,104 min,"Drama, Fantasy, Horror",8.2,"49,215",N/A
144,Andhadhun,2018,Not Rated,139 min,"Comedy, Crime, Music",8.2,"93,616","$1,193,046"
145,K.G.F: Chapter 1,2018,Not Rated,156 min,"Action, Crime, Drama",8.2,"86,189",N/A
146,Green Book,2018,PG-13,130 min,"Biography, Comedy, Drama",8.2,"489,069","$85,080,171"
147,Baahubali 2: The Conclusion,2017,Not Rated,167 min,"Action, Drama",8.2,"101,884","$20,186,659"
148,Drishyam,2015,Not Rated,163 min,"Crime, Drama, Mystery",8.2,"82,374",N/A
149,Bhaag Milkha Bhaag,2013,Not Rated,186 min,"Biography, Drama, Sport",8.2,"68,422","$1,636,731"
150,Inside Out,2015,PG,95 min,"Animation, Adventure, Comedy",8.2,"711,574","$356,921,711"
151,Gangs of Wasseypur,2012,Not Rated,321 min,"Action, Comedy, Crime",8.2,"96,677",N/A
152,Paan Singh Tomar,2012,Not Rated,135 min,"Action, Biography, Crime",8.2,"36,532","$40,311"
153,Zindagi Na Milegi Dobara,2011,Not Rated,155 min,"Comedy, Drama, Musical",8.2,"79,029","$3,108,485"
154,The Secret in Their Eyes,2009,R,129 min,"Drama, Mystery, Romance",8.2,"210,379","$6,391,436"
155,Warrior,2011,PG-13,140 min,"Action, Drama, Sport",8.2,"471,707","$13,657,115"
156,Shutter Island,2010,R,138 min,"Mystery, Thriller",8.2,"1,304,246","$128,012,934"
157,Demon Slayer the Movie: Mugen Train,2020,TV-14,117 min,"Animation, Action, Adventure",8.2,"58,130","$49,505,008"
158,Miracle in Cell No. 7,2019,TV-14,132 min,Drama,8.2,"49,036",N/A
159,The Father,2020,PG-13,97 min,"Drama, Mystery",8.2,"152,832","$2,122,771"
160,The Wolf of Wall Street,2013,R,180 min,"Biography, Comedy, Crime",8.2,"1,399,180","$116,900,694"
161,No Country for Old Men,2007,R,122 min,"Crime, Drama, Thriller",8.2,"969,524","$74,283,625"
162,My Father and My Son,2005,Not Rated,112 min,"Drama, Family",8.2,"87,097",N/A
163,There Will Be Blood,2007,R,158 min,Drama,8.2,"584,473","$40,222,514"
164,Pan's Labyrinth,2006,R,118 min,"Drama, Fantasy, War",8.2,"668,255","$37,646,380"
165,V for Vendetta,2005,R,132 min,"Action, Drama, Sci-Fi",8.2,"1,119,205","$70,511,035"
166,Batman Begins,2005,PG-13,140 min,"Action, Crime, Drama",8.2,"1,463,747","$206,863,479"
167,Swades,2004,Not Rated,189 min,"Drama, Musical",8.2,"91,186","$1,223,240"
168,Downfall,2004,R,156 min,"Biography, Drama, History",8.2,"356,436","$5,509,040"
169,Howl's Moving Castle,2004,PG,119 min,"Animation, Adventure, Family",8.2,"394,925","$6,789,268"
170,A Beautiful Mind,2001,PG-13,135 min,"Biography, Drama",8.2,"929,009","$170,742,341"
171,Kill Bill: Vol. 1,2003,R,111 min,"Action, Crime, Drama",8.2,"1,110,833","$70,099,045"
172,Finding Nemo,2003,G,100 min,"Animation, Adventure, Comedy",8.2,"1,041,093","$380,843,261"
173,Snatch,2000,R,102 min,"Comedy, Crime",8.2,"854,836","$30,328,156"
174,The Sixth Sense,1999,PG-13,107 min,"Drama, Mystery, Thriller",8.2,"990,475","$293,506,292"
175,"Lock, Stock and Two Smoking Barrels",1998,R,107 min,"Action, Comedy, Crime",8.2,"582,370","$3,753,929"
176,The Truman Show,1998,PG,103 min,"Comedy, Drama",8.2,"1,076,176","$125,618,201"
177,L.A. Confidential,1997,R,138 min,"Crime, Drama, Mystery",8.2,"582,085","$64,616,940"
178,Children of Heaven,1997,PG,89 min,"Drama, Family, Sport",8.2,"75,263","$933,933"
179,Casino,1995,R,178 min,"Crime, Drama",8.2,"519,897","$42,512,375"
180,Jurassic Park,1993,PG-13,127 min,"Action, Adventure, Sci-Fi",8.2,"985,724","$404,214,720"
181,Unforgiven,1992,R,130 min,"Drama, Western",8.2,"412,107","$101,167,799"
182,Indiana Jones and the Last Crusade,1989,PG-13,127 min,"Action, Adventure",8.2,"753,355","$197,171,806"
183,Die Hard,1988,R,132 min,"Action, Thriller",8.2,"874,631","$83,844,093"
184,Ran,1985,R,162 min,"Action, Drama, War",8.2,"126,126","$4,135,750"
185,The Thing,1982,R,109 min,"Horror, Mystery, Sci-Fi",8.2,"423,800","$19,629,760"
186,Raging Bull,1980,R,129 min,"Biography, Drama, Sport",8.2,"354,225","$23,383,987"
187,The Elephant Man,1980,PG,124 min,"Biography, Drama",8.2,"242,086","$26,010,864"
188,Taxi Driver,1976,R,114 min,"Crime, Drama",8.2,"829,151","$28,262,574"
189,Monty Python and the Holy Grail,1975,PG,91 min,"Adventure, Comedy, Fantasy",8.2,"541,779","$1,827,696"
190,Dersu Uzala,1975,G,142 min,"Adventure, Biography, Drama",8.2,"30,160",N/A
191,Chinatown,1974,R,130 min,"Drama, Mystery, Thriller",8.2,"327,246","$29,200,000"
192,Z,1969,M/PG,127 min,"Crime, Drama, Thriller",8.2,"29,179","$83,305"
193,For a Few Dollars More,1965,R,132 min,Western,8.2,"257,059","$15,000,000"
194,The Great Escape,1963,Approved,172 min,"Adventure, Drama, History",8.2,"244,968",N/A
195,Yojimbo,1961,Not Rated,110 min,"Action, Drama, Thriller",8.2,"123,421","$46,808"
196,Some Like It Hot,1959,Passed,121 min,"Comedy, Music, Romance",8.2,"267,900",N/A
197,The Bridge on the River Kwai,1957,PG,161 min,"Adventure, Drama, War",8.2,"221,252","$27,200,000"
198,Dial M for Murder,1954,PG,105 min,"Crime, Thriller",8.2,"176,723","$24,845"
199,Tokyo Story,1953,Not Rated,136 min,Drama,8.2,"62,237",N/A
200,The Wages of Fear,1953,Not Rated,131 min,"Adventure, Drama, Thriller",8.2,"61,682",N/A
201,Umberto D.,1952,Not Rated,89 min,Drama,8.2,"26,157","$71,816"
202,Rashomon,1950,Not Rated,88 min,"Crime, Drama, Mystery",8.2,"168,826","$46,808"
203,All About Eve,1950,Passed,138 min,Drama,8.2,"131,701","$63,463"
204,The Treasure of the Sierra Madre,1948,Passed,126 min,"Adventure, Drama, Western",8.2,"125,472","$5,014,000"
205,To Be or Not to Be,1942,Passed,99 min,"Comedy, Romance, War",8.2,"37,635","$3,270,000"
206,Gone with the Wind,1939,Passed,238 min,"Drama, Romance, War",8.2,"316,175","$200,882,193"
207,The Passion of Joan of Arc,1928,Passed,114 min,"Biography, Drama, History",8.2,"55,266","$21,877"
208,The General,1926,Passed,67 min,"Action, Adventure, Comedy",8.2,"92,056",N/A
209,The Gold Rush,1925,Passed,95 min,"Adventure, Comedy, Drama",8.2,"111,957",N/A
210,Sherlock Jr.,1924,Passed,45 min,"Action, Comedy, Romance",8.2,"50,308","$977,375"
211,Portrait of a Lady on Fire,2019,R,122 min,"Drama, Romance",8.1,"91,159","$3,759,854"
212,Everything Everywhere All at Once,2022,R,139 min,"Action, Adventure, Comedy",8.1,"235,962","$70,008,593"
213,Pink,2016,Not Rated,136 min,"Crime, Drama, Thriller",8.1,"45,479",N/A
214,A Silent Voice: The Movie,2016,Not Rated,130 min,"Animation, Drama",8.1,"82,348","$764,723"
215,"Three Billboards Outside Ebbing, Missouri",2017,R,115 min,"Comedy, Crime, Drama",8.1,"503,987","$54,513,740"
216,Talvar,2015,Not Rated,132 min,"Crime, Drama, Mystery",8.1,"35,751","$342,370"
217,Klaus,2019,PG,96 min,"Animation, Adventure, Comedy",8.1,"148,992",N/A
218,Masaan,2015,N/A,109 min,Drama,8.1,"28,330",N/A
219,The Handmaiden,2016,Not Rated,145 min,"Drama, Romance, Thriller",8.1,"147,807","$2,006,788"
220,Bajrangi Bhaijaan,2015,Not Rated,163 min,"Action, Adventure, Comedy",8.1,"88,919","$8,178,001"
221,Queen,2013,Not Rated,146 min,"Adventure, Comedy, Drama",8.1,"66,040",N/A
222,Logan,2017,R,137 min,"Action, Drama, Sci-Fi",8.1,"760,866","$226,277,068"
223,Room,2015,R,118 min,"Drama, Thriller",8.1,"420,305","$14,677,654"
224,Wild Tales,2014,R,122 min,"Comedy, Drama, Thriller",8.1,"199,023","$3,106,530"
225,Tangerines,2013,Not Rated,87 min,"Drama, War",8.1,"46,590","$144,501"
226,Winter Sleep,2014,Not Rated,196 min,Drama,8.1,"51,968",N/A
227,PK,2014,Not Rated,153 min,"Comedy, Drama, Sci-Fi",8.1,"188,476","$10,616,104"
228,OMG: Oh My God!,2012,Not Rated,125 min,"Comedy, Drama, Fantasy",8.1,"59,325",N/A
229,The Grand Budapest Hotel,2014,R,99 min,"Adventure, Comedy, Crime",8.1,"803,421","$59,301,324"
230,Gone Girl,2014,R,149 min,"Drama, Mystery, Thriller",8.1,"979,382","$167,767,189"
231,Wolf Children,2012,PG,117 min,"Animation, Drama, Family",8.1,"45,373",N/A
232,Hacksaw Ridge,2016,R,139 min,"Biography, Drama, History",8.1,"521,692","$67,209,615"
233,Barfi!,2012,Not Rated,151 min,"Comedy, Drama, Romance",8.1,"82,538","$2,804,874"
234,12 Years a Slave,2013,R,134 min,"Biography, Drama, History",8.1,"700,326","$56,671,993"
235,Rush,2013,R,123 min,"Action, Biography, Drama",8.1,"480,120","$26,947,624"
236,Ford v Ferrari,2019,PG-13,152 min,"Action, Biography, Drama",8.1,"391,707","$117,624,357"
237,Spotlight,2015,R,129 min,"Biography, Crime, Drama",8.1,"469,449","$45,055,776"
238,Kahaani,2012,Not Rated,122 min,"Mystery, Thriller",8.1,"63,231",N/A
239,Udaan,2010,Not Rated,134 min,Drama,8.1,"45,280","$7,461"
240,The Help,2011,PG-13,146 min,Drama,8.1,"459,753","$169,708,112"
241,Prisoners,2013,R,153 min,"Crime, Drama, Mystery",8.1,"708,748","$61,002,302"
242,Mad Max: Fury Road,2015,R,120 min,"Action, Adventure, Sci-Fi",8.1,"998,882","$154,109,060"
243,A Wednesday,2008,Not Rated,104 min,"Action, Crime, Drama",8.1,"78,834",N/A
244,Gran Torino,2008,R,116 min,Drama,8.1,"775,509","$148,095,302"
245,Harry Potter and the Deathly Hallows: Part 2,2011,PG-13,130 min,"Adventure, Family, Fantasy",8.1,"872,242","$381,447,587"
246,Article 15,2019,Not Rated,130 min,"Crime, Drama, Mystery",8.1,"33,912",N/A
247,Hachi: A Dog's Tale,2009,G,93 min,"Biography, Drama, Family",8.1,"285,203",N/A
248,Mary and Max,2009,Not Rated,92 min,"Animation, Comedy, Drama",8.1,"177,525",N/A
249,How to Train Your Dragon,2010,PG,98 min,"Animation, Action, Adventure",8.1,"739,031","$217,581,231"
250,Let's Go! India,2007,Not Rated,153 min,"Drama, Family, Sport",8.1,"80,777",N/A
251,Into the Wild,2007,R,148 min,"Adventure, Biography, Drama",8.1,"622,810","$18,354,356"
252,Rang De Basanti,2006,Not Rated,167 min,"Comedy, Crime, Drama",8.1,"119,390","$2,197,694"
253,Million Dollar Baby,2004,PG-13,132 min,"Drama, Sport",8.1,"686,797","$100,492,203"
254,Hotel Rwanda,2004,PG-13,121 min,"Biography, Drama, History",8.1,"356,065","$23,530,892"
255,Ratatouille,2007,G,111 min,"Animation, Adventure, Comedy",8.1,"734,201","$206,445,654"
256,Before Sunset,2004,R,80 min,"Drama, Romance",8.1,"264,562","$5,820,649"
257,Black,2005,Not Rated,122 min,Drama,8.1,"35,148","$754,819"
258,Munna Bhai M.B.B.S.,2003,Not Rated,156 min,"Comedy, Drama",8.1,"82,528","$48,772"
259,Memories of Murder,2003,Not Rated,132 min,"Crime, Drama, Mystery",8.1,"184,626","$15,357"
260,Pirates of the Caribbean: The Curse of the Black Pearl,2003,PG-13,143 min,"Action, Adventure, Fantasy",8.1,"1,121,669","$305,413,918"
261,Dil Chahta Hai,2001,Not Rated,183 min,"Comedy, Drama, Romance",8.1,"72,653",N/A
262,Catch Me If You Can,2002,PG-13,141 min,"Biography, Crime, Drama",8.1,"973,233","$164,615,351"
263,Her Sey Çok Güzel Olacak,1998,N/A,107 min,"Comedy, Drama, Thriller",8.1,"25,743",N/A
264,Amores perros,2000,R,154 min,"Drama, Thriller",8.1,"241,047","$5,408,467"
265,Hera Pheri,2000,Not Rated,156 min,"Action, Comedy, Crime",8.1,"67,143",N/A
266,Sarfarosh,1999,Not Rated,174 min,"Action, Drama, Thriller",8.1,"25,914","$288,733"
267,"Monsters, Inc.",2001,G,92 min,"Animation, Adventure, Comedy",8.1,"905,840","$290,642,256"
268,Lagaan: Once Upon a Time in India,2001,PG,224 min,"Drama, Musical, Sport",8.1,"114,746","$909,043"
269,The Celebration,1998,R,105 min,Drama,8.1,"87,603","$1,656,223"
270,The Iron Giant,1999,PG,86 min,"Animation, Action, Adventure",8.1,"198,212","$23,315,035"
271,The Big Lebowski,1998,R,117 min,"Comedy, Crime",8.1,"806,616","$18,254,458"
272,In the Mood for Love,2000,PG,98 min,"Drama, Romance",8.1,"149,883","$2,738,980"
273,Trainspotting,1996,R,93 min,Drama,8.1,"686,989","$16,491,080"
274,Fargo,1996,R,98 min,"Crime, Thriller",8.1,"677,602","$24,611,975"
275,The Bandit,1996,Not Rated,128 min,"Crime, Drama, Thriller",8.1,"70,279",N/A
276,Underground,1995,Not Rated,167 min,"Comedy, Drama, Fantasy",8.1,"58,805","$171,082"
277,La haine,1995,Not Rated,98 min,"Crime, Drama",8.1,"174,475","$280,859"
278,Before Sunrise,1995,R,101 min,"Drama, Romance",8.1,"308,619","$5,535,405"
279,Three Colors: Red,1994,R,99 min,"Drama, Mystery, Romance",8.1,"103,578","$3,581,969"
280,In the Name of the Father,1993,R,133 min,"Biography, Crime, Drama",8.1,"175,661","$25,096,862"
281,Groundhog Day,1993,PG,101 min,"Comedy, Drama, Fantasy",8.1,"630,923","$71,107,962"
282,Farewell My Concubine,1993,R,171 min,"Drama, Music, Romance",8.1,"29,351","$5,216,888"
283,Raise the Red Lantern,1991,PG,125 min,"Drama, History, Romance",8.1,"32,978","$2,603,061"
284,Time of the Gypsies,1988,R,142 min,"Comedy, Crime, Drama",8.1,"30,969","$280,015"
285,Dead Poets Society,1989,PG,128 min,"Comedy, Drama",8.1,"490,379","$95,860,116"
286,My Neighbor Totoro,1988,G,86 min,"Animation, Comedy, Family",8.1,"339,292","$2,250,213"
287,Stand by Me,1986,R,89 min,"Adventure, Drama",8.1,"404,216","$52,287,414"
288,Platoon,1986,R,120 min,"Drama, War",8.1,"414,938","$138,530,565"
289,Jean de Florette,1986,PG,120 min,"Comedy, Drama",8.1,"26,091","$4,940,939"
290,The Terminator,1984,R,107 min,"Action, Sci-Fi",8.1,"863,512","$38,371,200"
291,"Paris, Texas",1984,R,145 min,Drama,8.1,"107,101","$2,181,987"
292,Gandhi,1982,PG,191 min,"Biography, Drama",8.1,"232,139","$52,767,889"
293,Fanny and Alexander,1982,R,188 min,Drama,8.1,"64,080","$6,783,304"
294,Blade Runner,1982,R,117 min,"Action, Drama, Sci-Fi",8.1,"768,236","$32,914,489"
295,Stalker,1979,Not Rated,162 min,"Drama, Sci-Fi",8.1,"134,887","$292,049"
296,Autumn Sonata,1978,PG,99 min,"Drama, Music",8.1,"34,665",N/A
297,The Deer Hunter,1978,R,183 min,"Drama, War",8.1,"339,682","$48,979,328"
298,Rocky,1976,PG,120 min,"Drama, Sport",8.1,"574,648","$117,235,147"
299,Network,1976,R,121 min,Drama,8.1,"160,019","$23,689,877"
300,The Message,1976,PG,177 min,"Biography, Drama, History",8.1,"47,978",N/A
301,Sholay,1975,Not Rated,162 min,"Action, Adventure, Comedy",8.1,"56,059",N/A
302,Jaws,1975,PG,124 min,"Adventure, Thriller",8.1,"605,858","$265,859,065"
303,Barry Lyndon,1975,PG,185 min,"Adventure, Drama, War",8.1,"168,759",N/A
304,A Woman Under the Influence,1974,R,155 min,"Drama, Romance",8.1,"25,503","$13,336,830"
305,Paper Moon,1973,PG,102 min,"Comedy, Crime, Drama",8.1,"48,069",N/A
306,The Exorcist,1973,R,122 min,Horror,8.1,"408,063","$233,005,644"
307,Anand,1971,Not Rated,122 min,"Drama, Musical",8.1,"33,988",N/A
308,Cool Hand Luke,1967,GP,127 min,"Crime, Drama",8.1,"177,653",N/A
309,Persona,1966,Not Rated,83 min,"Drama, Thriller",8.1,"119,019",N/A
310,Andrei Rublev,1966,R,205 min,"Biography, Drama, History",8.1,"54,010","$124,189"
311,The Sound of Music,1965,G,172 min,"Biography, Drama, Family",8.1,"234,681","$159,287,539"
312,The Battle of Algiers,1966,Not Rated,121 min,"Drama, War",8.1,"60,534","$879,794"
313,The Man Who Shot Liberty Valance,1962,Approved,123 min,"Drama, Western",8.1,"76,526",N/A
314,The Virgin Spring,1960,Not Rated,89 min,Drama,8.1,"29,588",N/A
315,Inherit the Wind,1960,Passed,128 min,"Biography, Drama, History",8.1,"30,581",N/A
316,The 400 Blows,1959,Not Rated,99 min,"Crime, Drama",8.1,"118,701",$509
317,Ben-Hur,1959,G,212 min,"Adventure, Drama",8.1,"239,995","$74,432,704"
318,The Hidden Fortress,1958,Not Rated,126 min,"Action, Adventure, Drama",8.1,"39,425","$46,808"
319,Wild Strawberries,1957,Not Rated,91 min,"Drama, Romance",8.1,"107,650",N/A
320,The Seventh Seal,1957,Not Rated,96 min,"Drama, Fantasy",8.1,"185,923",N/A
321,Nights of Cabiria,1957,Not Rated,110 min,Drama,8.1,"49,394","$766,530"
322,Throne of Blood,1957,Not Rated,110 min,"Drama, History",8.1,"52,648","$46,808"
323,Rififi,1955,Not Rated,118 min,"Crime, Drama, Thriller",8.1,"34,645","$517,975"
324,On the Waterfront,1954,Approved,108 min,"Crime, Drama, Thriller",8.1,"155,464",N/A
325,Diabolique,1955,Not Rated,117 min,"Crime, Drama, Horror",8.1,"66,227",N/A
326,Ace in the Hole,1951,Approved,111 min,"Drama, Film-Noir",8.1,"36,431",N/A
327,White Heat,1949,Not Rated,114 min,"Action, Crime, Drama",8.1,"33,343",N/A
328,The Third Man,1949,Approved,93 min,"Film-Noir, Mystery, Thriller",8.1,"172,424","$1,067,364"
329,The Red Shoes,1948,Not Rated,135 min,"Drama, Music, Romance",8.1,"35,412",N/A
330,The Best Years of Our Lives,1946,Approved,170 min,"Drama, Romance, War",8.1,"64,876","$23,650,000"
331,Rebecca,1940,Approved,130 min,"Drama, Film-Noir, Mystery",8.1,"137,813",N/A
332,The Grapes of Wrath,1940,Passed,129 min,Drama,8.1,"93,626",N/A
333,The Wizard of Oz,1939,G,102 min,"Adventure, Family, Fantasy",8.1,"399,653","$24,668,669"
334,Mr. Smith Goes to Washington,1939,Passed,129 min,"Comedy, Drama",8.1,"116,277","$144,738"
335,The Grand Illusion,1937,Not Rated,113 min,"Drama, War",8.1,"36,986",N/A
336,It Happened One Night,1934,Passed,105 min,"Comedy, Romance",8.1,"104,663",N/A
337,All Quiet on the Western Front,1930,Passed,152 min,"Drama, War",8.1,"62,939",N/A
338,The Circus,1928,Passed,72 min,"Comedy, Family, Romance",8.1,"34,031",N/A
339,Sunrise,1927,Passed,94 min,"Drama, Romance",8.1,"51,379",N/A
340,"Quo Vadis, Aida?",2020,Approved,101 min,"Drama, History, War",8.0,"33,811",N/A
341,RRR,2022,Not Rated,187 min,"Action, Drama",8.0,"114,084","$11,339,160"
342,Wolfwalkers,2020,PG,103 min,"Animation, Adventure, Family",8.0,"32,724",N/A
343,The Invisible Guest,2016,TV-MA,106 min,"Crime, Drama, Mystery",8.0,"176,403",N/A
344,La La Land,2016,PG-13,128 min,"Comedy, Drama, Music",8.0,"586,013","$151,101,803"
345,Lion,2016,PG-13,118 min,"Biography, Drama",8.0,"237,121","$51,738,905"
346,The Martian,2015,PG-13,144 min,"Adventure, Drama, Sci-Fi",8.0,"851,767","$228,433,663"
347,Mommy,2014,R,139 min,Drama,8.0,"57,527","$3,494,070"
348,Haider,2014,Not Rated,160 min,"Action, Crime, Drama",8.0,"55,258","$1,048,143"
349,Soul,2020,PG,100 min,"Animation, Adventure, Comedy",8.0,"327,515",N/A
350,Zootopia,2016,PG,108 min,"Animation, Adventure, Comedy",8.0,"498,454","$341,268,248"
351,Baahubali: The Beginning,2015,Not Rated,159 min,"Action, Drama",8.0,"125,617","$6,738,000"
352,The Tale of The Princess Kaguya,2013,PG,137 min,"Animation, Drama, Family",8.0,"47,258","$974,913"
353,Special 26,2013,Not Rated,144 min,"Crime, Drama, Thriller",8.0,"56,687",N/A
354,The Imitation Game,2014,PG-13,114 min,"Biography, Drama, Thriller",8.0,"768,356","$91,125,683"
355,Guardians of the Galaxy,2014,PG-13,121 min,"Action, Adventure, Comedy",8.0,"1,174,356","$333,718,600"
356,Song of the Sea,2014,PG,93 min,"Animation, Adventure, Drama",8.0,"58,709","$857,522"
357,Blade Runner 2049,2017,R,164 min,"Action, Drama, Mystery",8.0,"569,517","$92,071,675"
358,Her,2013,R,126 min,"Drama, Romance, Sci-Fi",8.0,"612,384","$25,568,251"
359,The Revenant,2015,R,156 min,"Action, Adventure, Drama",8.0,"800,720","$183,637,894"
360,Elite Squad 2: The Enemy Within,2010,Not Rated,115 min,"Action, Crime, Drama",8.0,"83,449","$100,119"
361,The King's Speech,2010,R,118 min,"Biography, Drama, History",8.0,"680,654","$138,797,449"
362,Deadpool,2016,R,108 min,"Action, Adventure, Comedy",8.0,"1,034,009","$363,070,709"
363,Zack Snyder's Justice League,2021,R,242 min,"Action, Adventure, Fantasy",8.0,"395,677",N/A
364,Ip Man,2008,R,106 min,"Action, Biography, Drama",8.0,"224,482",N/A
365,Nefes: Vatan Sagolsun,2009,N/A,128 min,"Action, Drama, Thriller",8.0,"33,952",N/A
366,Dune,2021,PG-13,155 min,"Action, Adventure, Drama",8.0,"625,484","$108,327,830"
367,Departures,2008,PG-13,130 min,Drama,8.0,"52,426",N/A
368,CODA,2021,PG-13,111 min,"Comedy, Drama, Music",8.0,"129,648",N/A
369,Slumdog Millionaire,2008,R,120 min,"Crime, Drama, Romance",8.0,"845,335","$141,319,928"
370,Black Swan,2010,R,108 min,"Drama, Thriller",8.0,"765,510","$106,954,678"
371,Elite Squad,2007,R,115 min,"Action, Crime, Drama",8.0,"104,699","$8,744"
372,The Avengers,2012,PG-13,143 min,"Action, Adventure, Sci-Fi",8.0,"1,387,297","$623,357,910"
373,Persepolis,2007,PG-13,96 min,"Animation, Biography, Drama",8.0,"95,343","$4,445,756"
374,"Carry On, Munna Bhai",2006,Not Rated,144 min,"Comedy, Drama, Romance",8.0,"47,412","$2,217,562"
375,The Pursuit of Happyness,2006,PG-13,117 min,"Biography, Drama",8.0,"512,113","$163,566,459"
376,Blood Diamond,2006,R,143 min,"Adventure, Drama, Thriller",8.0,"549,744","$57,377,916"
377,The Bourne Ultimatum,2007,PG-13,115 min,"Action, Mystery, Thriller",8.0,"635,142","$227,471,070"
378,Nobody Knows,2004,PG-13,141 min,Drama,8.0,"28,327","$684,118"
379,Sin City,2005,R,124 min,"Crime, Thriller",8.0,"769,955","$74,103,820"
380,The Diving Bell and the Butterfly,2007,PG-13,112 min,"Biography, Drama",8.0,"108,023","$6,003,227"
381,Tae Guk Gi: The Brotherhood of War,2004,R,140 min,"Action, Drama, War",8.0,"39,964","$1,111,061"
382,G.O.R.A.,2004,N/A,127 min,"Adventure, Comedy, Sci-Fi",8.0,"63,125",N/A
383,Casino Royale,2006,PG-13,144 min,"Action, Adventure, Thriller",8.0,"657,865","$167,445,960"
384,Kill Bill: Vol. 2,2004,R,137 min,"Action, Crime, Thriller",8.0,"755,789","$66,208,183"
385,"Spring, Summer, Fall, Winter... and Spring",2003,R,103 min,"Drama, Romance",8.0,"83,443","$2,380,788"
386,The Sea Inside,2004,PG-13,126 min,"Biography, Drama",8.0,"82,126","$2,104,923"
387,Cinderella Man,2005,PG-13,144 min,"Biography, Drama, Romance",8.0,"188,504","$61,649,911"
388,Infernal Affairs,2002,R,101 min,"Action, Crime, Drama",8.0,"125,371","$169,659"
389,Big Fish,2003,PG-13,125 min,"Adventure, Drama, Fantasy",8.0,"442,211","$66,809,693"
390,The Incredibles,2004,PG,115 min,"Animation, Action, Adventure",8.0,"735,955","$261,441,092"
391,My Sassy Girl,2001,Not Rated,137 min,"Comedy, Drama, Romance",8.0,"48,472",N/A
392,Dogville,2003,R,178 min,"Crime, Drama",8.0,"149,786","$1,535,286"
393,Vizontele,2001,N/A,110 min,"Comedy, Drama",8.0,"36,995",N/A
394,Donnie Darko,2001,R,113 min,"Drama, Mystery, Sci-Fi",8.0,"800,981","$1,478,493"
395,Magnolia,1999,R,188 min,Drama,8.0,"313,499","$22,455,976"
396,Neon Genesis Evangelion: The End of Evangelion,1997,TV-MA,87 min,"Animation, Action, Drama",8.0,"55,116",N/A
397,The Straight Story,1999,G,112 min,"Biography, Drama",8.0,"91,112","$6,203,044"
398,Perfect Blue,1997,TV-14,81 min,"Animation, Crime, Drama",8.0,"76,914","$558,598"
399,Central Station,1998,R,110 min,Drama,8.0,"39,977","$5,969,553"
400,The Legend of 1900,1998,R,169 min,"Drama, Music, Romance",8.0,"64,830","$167,435"
401,"Black Cat, White Cat",1998,R,127 min,"Comedy, Crime, Romance",8.0,"54,153","$351,447"
402,Sling Blade,1996,R,135 min,Drama,8.0,"94,505","$24,444,121"
403,Secrets & Lies,1996,R,136 min,"Comedy, Drama",8.0,"43,776",N/A
404,12 Monkeys,1995,R,129 min,"Mystery, Sci-Fi, Thriller",8.0,"618,547","$57,141,459"
405,Dilwale Dulhania Le Jayenge,1995,Not Rated,181 min,"Drama, Romance",8.0,"70,261",N/A
406,Chungking Express,1994,PG-13,102 min,"Comedy, Crime, Drama",8.0,"82,560","$600,200"
407,Andaz Apna Apna,1994,Not Rated,160 min,"Action, Comedy, Romance",N/A,"53,583",N/A
408,Scent of a Woman,1992,R,156 min,Drama,8.0,"297,166","$63,095,253"
409,Aladdin,1992,G,90 min,"Animation, Adventure, Comedy",8.0,"420,013","$217,350,219"
410,JFK,1991,R,189 min,"Drama, History, Thriller",8.0,"156,907","$70,405,498"
411,Beauty and the Beast,1991,G,84 min,"Animation, Family, Fantasy",8.0,"455,101","$218,967,620"
412,Dances with Wolves,1990,PG-13,181 min,"Adventure, Drama, Western",8.0,"265,653","$184,208,848"
413,Rain Man,1988,R,133 min,Drama,8.0,"514,891","$172,825,435"
414,Akira,1988,R,124 min,"Animation, Action, Drama",8.0,"187,105","$553,171"
415,The Princess Bride,1987,PG,98 min,"Adventure, Family, Fantasy",8.0,"427,530","$30,857,814"
416,Wings of Desire,1987,PG-13,128 min,"Drama, Fantasy, Romance",8.0,"71,667","$3,333,969"
417,"Goodbye, Children",1987,PG,104 min,"Drama, War",8.0,"34,193","$4,542,825"
418,Castle in the Sky,1986,PG,125 min,"Animation, Adventure, Family",8.0,"166,766","$523,664"
419,Nausicaä of the Valley of the Wind,1984,PG,117 min,"Animation, Adventure, Sci-Fi",8.0,"170,032","$495,770"
420,Nostalghia,1983,Not Rated,125 min,Drama,8.0,"27,434","$41,014"
421,Pink Floyd: The Wall,1982,R,95 min,"Drama, Fantasy, Music",8.0,"81,505","$22,244,207"
422,Fitzcarraldo,1982,PG,158 min,"Adventure, Drama",8.0,"35,492",N/A
423,Life of Brian,1979,R,94 min,Comedy,8.0,"399,545","$20,206,622"
424,Being There,1979,PG,130 min,"Comedy, Drama",8.0,"73,023","$30,177,511"
425,Annie Hall,1977,PG,93 min,"Comedy, Romance",8.0,"266,470","$38,251,425"
426,Dog Day Afternoon,1975,R,125 min,"Biography, Crime, Drama",8.0,"258,083","$50,000,000"
427,Mirror,1975,Not Rated,107 min,"Biography, Drama",8.0,"47,287","$22,168"
428,Young Frankenstein,1974,PG,106 min,Comedy,8.0,"159,588","$86,273,333"
429,Papillon,1973,R,151 min,"Biography, Crime, Drama",8.0,"131,136","$53,267,000"
430,Cries & Whispers,1972,R,91 min,Drama,8.0,"34,467",N/A
431,Solaris,1972,PG,167 min,"Drama, Mystery, Sci-Fi",8.0,"91,932","$22,168"
432,Sleuth,1972,PG,138 min,"Mystery, Thriller",8.0,"47,993","$4,081,254"
433,The Last Picture Show,1971,R,118 min,"Drama, Romance",8.0,"48,733","$29,133,000"
434,Fiddler on the Roof,1971,G,181 min,"Drama, Family, Musical",8.0,"43,994","$10,404,330"
435,Butch Cassidy and the Sundance Kid,1969,PG,110 min,"Biography, Crime, Drama",8.0,"216,807","$102,308,889"
436,Rosemary's Baby,1968,Approved,137 min,"Drama, Horror",8.0,"217,984",N/A
437,Planet of the Apes,1968,G,112 min,"Adventure, Sci-Fi",8.0,"181,155","$32,589,624"
438,Le Samouraï,1967,GP,101 min,"Crime, Drama",8.0,"52,121","$39,481"
439,The Graduate,1967,PG,106 min,"Comedy, Drama, Romance",8.0,"274,218","$104,945,305"
440,Who's Afraid of Virginia Woolf?,1966,Not Rated,131 min,Drama,8.0,"75,787",N/A
441,The Leopard,1963,PG,186 min,"Drama, History",8.0,"26,249",N/A
442,8½,1963,Not Rated,138 min,Drama,8.0,"118,545","$98,760"
443,The Exterminating Angel,1962,Not Rated,95 min,"Drama, Fantasy",8.0,"33,462",N/A
444,What Ever Happened to Baby Jane?,1962,Passed,134 min,"Drama, Horror, Thriller",8.0,"57,009",N/A
445,Sanjuro,1962,Not Rated,96 min,"Action, Drama, Thriller",8.0,"38,562","$46,808"
446,Ivan's Childhood,1962,Not Rated,95 min,"Drama, War",8.0,"36,971","$22,168"
447,Through a Glass Darkly,1961,Not Rated,90 min,Drama,8.0,"25,600",N/A
448,The Hustler,1961,Not Rated,134 min,"Drama, Sport",8.0,"82,518",N/A
449,La dolce vita,1960,Not Rated,174 min,"Comedy, Drama",8.0,"73,769",N/A
450,Rio Bravo,1959,Passed,141 min,Western,8.0,"63,282","$12,535,000"
451,Anatomy of a Murder,1959,Not Rated,161 min,"Drama, Mystery",8.0,"66,899","$11,900,000"
452,Touch of Evil,1958,PG-13,95 min,"Crime, Drama, Film-Noir",8.0,"105,223","$2,247,465"
453,Sweet Smell of Success,1957,Approved,96 min,"Drama, Film-Noir",8.0,"32,541",N/A
454,The Killing,1956,Approved,84 min,"Crime, Drama, Film-Noir",8.0,"90,567",N/A
455,The Night of the Hunter,1955,Not Rated,92 min,"Crime, Drama, Film-Noir",8.0,"89,979",N/A
456,La strada,1954,Not Rated,108 min,Drama,8.0,"63,533",N/A
457,Stalag 17,1953,Not Rated,120 min,"Comedy, Drama, War",8.0,"56,243",N/A
458,Roman Holiday,1953,Passed,118 min,"Comedy, Romance",8.0,"138,927",N/A
459,High Noon,1952,PG,85 min,"Drama, Thriller, Western",8.0,"104,788",N/A
460,Kind Hearts and Coronets,1949,Not Rated,106 min,"Comedy, Crime",8.0,"37,685","$35,948"
461,Out of the Past,1947,Not Rated,97 min,"Crime, Drama, Film-Noir",8.0,"37,891",N/A
462,"Rome, Open City",1945,Not Rated,103 min,"Drama, Thriller, War",8.0,"26,899",N/A
463,Brief Encounter,1945,Not Rated,86 min,"Drama, Romance",8.0,"40,600",N/A
464,The Maltese Falcon,1941,Passed,100 min,"Crime, Film-Noir, Mystery",8.0,"159,072","$18,180"
465,The Shop Around the Corner,1940,Not Rated,99 min,"Comedy, Drama, Romance",8.0,"33,477",N/A
466,The Cabinet of Dr. Caligari,1920,Not Rated,67 min,"Horror, Mystery, Thriller",8.0,"64,693","$8,811"
467,Knives Out,2019,PG-13,130 min,"Comedy, Crime, Drama",7.9,"624,673","$165,363,234"
468,Shoplifters,2018,R,121 min,"Crime, Drama, Thriller",7.9,"77,077","$3,313,513"
469,Badhaai Ho,2018,Not Rated,124 min,"Comedy, Drama",7.9,"34,841",N/A
470,Marriage Story,2019,R,137 min,"Drama, Romance",7.9,"308,076",N/A
471,Super 30,2019,Not Rated,154 min,"Biography, Drama",7.9,"32,740","$2,269,878"
472,Pad Man,2018,PG-13,140 min,"Biography, Comedy, Drama",7.9,"26,480","$1,670,192"
473,Togo,2019,PG,113 min,"Adventure, Biography, Drama",7.9,"49,439",N/A
474,Airlift,2016,Not Rated,130 min,"Action, Drama, History",7.9,"57,259",N/A
475,M.S. Dhoni: The Untold Story,2016,Not Rated,184 min,"Biography, Drama, Sport",7.9,"59,393","$1,801,550"
476,Baby,2015,Not Rated,159 min,"Action, Crime, Thriller",7.9,"58,054",N/A
477,Sing Street,2016,PG-13,106 min,"Comedy, Drama, Music",7.9,"94,083","$3,237,118"
478,Thor: Ragnarok,2017,PG-13,130 min,"Action, Adventure, Comedy",7.9,"749,379","$315,058,289"
479,Jojo Rabbit,2019,PG-13,108 min,"Comedy, Drama, War",7.9,"387,955","$33,370,906"
480,Wonder,2017,PG,113 min,"Drama, Family",7.9,"165,303","$132,422,809"
481,Arrival,2016,PG-13,116 min,"Drama, Mystery, Sci-Fi",7.9,"692,970","$100,546,139"
482,Gully Boy,2019,Not Rated,154 min,"Drama, Music, Romance",7.9,"39,967","$5,566,534"
483,Short Term 12,2013,R,96 min,Drama,7.9,"88,288","$1,013,100"
484,The Raid 2,2014,R,150 min,"Action, Crime, Thriller",7.9,"124,088","$2,627,209"
485,Before Midnight,2013,R,109 min,"Drama, Romance",7.9,"158,933","$8,114,627"
486,X-Men: Days of Future Past,2014,PG-13,132 min,"Action, Adventure, Sci-Fi",7.9,"712,352","$233,921,534"
487,Bohemian Rhapsody,2018,PG-13,134 min,"Biography, Drama, Music",7.9,"536,927","$216,668,042"
488,The Way He Looks,2014,Not Rated,96 min,"Drama, Romance",7.9,"25,712","$101,451"
489,The Perks of Being a Wallflower,2012,PG-13,103 min,Drama,7.9,"512,317","$17,742,948"
490,The Artist,2011,PG-13,100 min,"Comedy, Drama, Romance",7.9,"241,953","$44,671,682"
491,Edge of Tomorrow,2014,PG-13,113 min,"Action, Adventure, Sci-Fi",7.9,"677,968","$100,206,256"
492,Amour,2012,PG-13,127 min,Drama,7.9,"100,780","$6,739,492"
493,About Elly,2009,TV-PG,119 min,"Drama, Mystery",7.9,"53,845","$470,760"
494,Dev.D,2009,Not Rated,144 min,"Comedy, Drama, Romance",7.9,"30,945","$18,613"
495,My Name Is Khan,2010,PG-13,165 min,"Adventure, Drama, Romance",7.9,"107,823","$4,018,771"
496,Let the Right One In,2008,R,114 min,"Drama, Fantasy, Horror",7.9,"218,055","$2,122,065"
497,District 9,2009,R,112 min,"Action, Sci-Fi, Thriller",7.9,"682,406","$115,646,235"
498,The Wrestler,2008,R,109 min,"Drama, Sport",7.9,"306,999","$26,238,243"
499,Jab We Met,2007,Not Rated,138 min,"Comedy, Drama, Romance",7.9,"53,647",N/A
500,Boyhood,2014,R,165 min,Drama,7.9,"355,204","$25,352,281"
501,"4 Months, 3 Weeks and 2 Days",2007,Not Rated,113 min,Drama,7.9,"60,728","$1,198,208"
502,Star Trek,2009,PG-13,127 min,"Action, Adventure, Sci-Fi",7.9,"604,028","$257,730,019"
503,Dallas Buyers Club,2013,R,117 min,"Biography, Drama",7.9,"488,512","$27,298,285"
504,In Bruges,2008,R,107 min,"Comedy, Crime, Drama",7.9,"427,571","$7,800,824"
505,The Man from Earth,2007,Not Rated,87 min,"Drama, Fantasy, Mystery",7.9,"188,367",N/A
506,Letters from Iwo Jima,2006,R,141 min,"Action, Adventure, Drama",7.9,"163,636","$13,756,082"
507,Life of Pi,2012,PG,127 min,"Adventure, Drama, Fantasy",7.9,"629,777","$124,987,023"
508,Fantastic Mr. Fox,2009,PG,87 min,"Animation, Adventure, Comedy",7.9,"233,260","$21,002,919"
509,3-Iron,2004,R,88 min,"Crime, Drama, Romance",7.9,"55,502","$241,914"
510,C.R.A.Z.Y.,2005,Not Rated,129 min,"Comedy, Drama",7.9,"33,059",N/A
511,The Return,2003,Not Rated,110 min,Drama,7.9,"45,774","$504,256"
512,Iron Man,2008,PG-13,126 min,"Action, Adventure, Sci-Fi",7.9,"1,056,101","$319,034,126"
513,Shaun of the Dead,2004,R,99 min,"Comedy, Horror",7.9,"559,365","$13,542,874"
514,Kal Ho Naa Ho,2003,Not Rated,186 min,"Comedy, Drama, Musical",N/A,"69,849",N/A
515,Head-On,2004,R,121 min,"Drama, Romance",7.9,"54,653",N/A
516,Mystic River,2003,R,138 min,"Crime, Drama, Mystery",7.9,"457,345","$90,135,191"
517,Harry Potter and the Prisoner of Azkaban,2004,PG,142 min,"Adventure, Family, Fantasy",7.9,"632,842","$250,105,651"
518,Hero,2002,PG-13,120 min,"Action, Adventure, Drama",7.9,"182,140","$53,710,019"
519,Talk to Her,2002,R,112 min,"Drama, Mystery, Romance",7.9,"112,908","$9,357,911"
520,No Man's Land,2001,R,98 min,"Comedy, Drama, War",7.9,"47,362","$1,012,153"
521,The Bourne Identity,2002,PG-13,119 min,"Action, Mystery, Thriller",7.9,"547,400","$121,661,683"
522,Nine Queens,2000,R,114 min,"Crime, Drama, Thriller",7.9,"53,413","$1,222,889"
523,Children of Men,2006,R,109 min,"Action, Drama, Sci-Fi",7.9,"501,608","$35,552,383"
524,"Crouching Tiger, Hidden Dragon",2000,PG-13,120 min,"Action, Adventure, Drama",7.9,"270,227","$128,078,872"
525,Almost Famous,2000,R,122 min,"Adventure, Comedy, Drama",7.9,"277,395","$32,534,850"
526,Dancer in the Dark,2000,R,140 min,"Crime, Drama, Musical",7.9,"110,721","$4,184,036"
527,Mulholland Drive,2001,R,147 min,"Drama, Mystery, Thriller",7.9,"356,504","$7,220,243"
528,Shrek,2001,PG,90 min,"Animation, Adventure, Comedy",7.9,"676,275","$268,163,011"
529,Toy Story 2,1999,G,92 min,"Animation, Adventure, Comedy",7.9,"581,219","$245,852,179"
530,Titanic,1997,PG-13,194 min,"Drama, Romance",7.9,"1,168,616","$659,363,944"
531,Knockin' on Heaven's Door,1997,Not Rated,87 min,"Action, Crime, Comedy",7.9,"30,946","$5,710"
532,Boogie Nights,1997,R,155 min,Drama,7.9,"266,534","$26,416,349"
533,Whisper of the Heart,1995,G,111 min,"Animation, Drama, Family",7.9,"63,403","$498,156"
534,Ghost in the Shell,1995,TV-MA,83 min,"Animation, Action, Crime",7.9,"144,047","$889,074"
535,Once Were Warriors,1994,R,102 min,"Crime, Drama",7.9,"34,617","$1,608,570"
536,True Romance,1993,R,119 min,"Crime, Drama, Romance",7.9,"228,012","$12,281,551"
537,Three Colors: Blue,1993,R,94 min,"Drama, Music, Mystery",7.9,"102,830","$1,324,974"
538,The Nightmare Before Christmas,1993,PG,76 min,"Animation, Family, Fantasy",7.9,"340,207","$77,368,668"
539,Carlito's Way,1993,R,144 min,"Crime, Drama, Thriller",7.9,"219,539","$36,948,322"
540,"Blood In, Blood Out",1993,R,180 min,"Crime, Drama",7.9,"31,724","$4,496,583"
541,Edward Scissorhands,1990,PG-13,105 min,"Drama, Fantasy, Romance",7.9,"491,967","$56,362,352"
542,My Left Foot,1989,R,103 min,"Biography, Drama",7.9,"74,959","$14,743,391"
543,Do the Right Thing,1989,R,120 min,"Comedy, Drama",7.9,"102,913","$27,545,445"
544,The Untouchables,1987,R,119 min,"Crime, Drama, Thriller",7.9,"311,049","$76,270,454"
545,The Sacrifice,1986,PG,149 min,Drama,7.9,"28,666","$81,963"
546,Hannah and Her Sisters,1986,PG-13,107 min,"Comedy, Drama",7.9,"71,979","$40,084,041"
547,Brazil,1985,R,132 min,"Drama, Sci-Fi",7.9,"201,246","$9,929,135"
548,This Is Spinal Tap,1984,R,82 min,"Comedy, Music",7.9,"140,440","$4,736,202"
549,A Christmas Story,1983,PG,93 min,"Comedy, Family",7.9,"148,304","$20,778,141"
550,E.T. the Extra-Terrestrial,1982,PG,115 min,"Adventure, Family, Sci-Fi",7.9,"410,227","$437,141,279"
551,Kagemusha,1980,PG,162 min,"Drama, History, War",7.9,"35,936","$4,000,000"
552,The Blues Brothers,1980,R,133 min,"Action, Adventure, Comedy",7.9,"200,139","$57,229,890"
553,Manhattan,1979,R,96 min,"Comedy, Drama, Romance",7.9,"140,897","$39,946,780"
554,All the President's Men,1976,PG,138 min,"Drama, History, Thriller",7.9,"116,701","$70,600,000"
555,I Remember,1973,R,123 min,"Comedy, Drama",7.9,"43,950","$125,493"
556,Harold and Maude,1971,PG,91 min,"Comedy, Drama, Romance",7.9,"78,018",N/A
557,Patton,1970,PG,172 min,"Biography, Drama, War",7.9,"102,609","$61,749,765"
558,The Conformist,1970,R,113 min,Drama,7.9,"30,936","$58,657"
559,Le Cercle Rouge,1970,Not Rated,140 min,"Crime, Drama, Thriller",7.9,"25,802","$432,820"
560,The Wild Bunch,1969,R,135 min,"Action, Adventure, Western",7.9,"85,248","$638,641"
561,The Lion in Winter,1968,PG,134 min,"Biography, Drama, History",7.9,"31,771","$18,177"
562,In the Heat of the Night,1967,Approved,110 min,"Drama, Mystery, Thriller",7.9,"76,976",N/A
563,In Cold Blood,1967,R,134 min,"Biography, Crime, Drama",7.9,"26,889",N/A
564,Doctor Zhivago,1965,PG-13,197 min,"Drama, Romance, War",7.9,"77,270","$111,721,910"
565,A Fistful of Dollars,1964,R,99 min,"Action, Drama, Western",7.9,"218,097","$14,500,000"
566,Charade,1963,Passed,113 min,"Comedy, Mystery, Romance",7.9,"78,187",N/A
567,Vivre Sa Vie,1962,Not Rated,85 min,Drama,7.9,"32,353","$24,517"
568,The Manchurian Candidate,1962,PG-13,126 min,"Drama, Thriller",7.9,"76,197","$2,757,256"
569,Spartacus,1960,PG-13,197 min,"Adventure, Biography, Drama",7.9,"135,733","$1,830,650"
570,Hiroshima Mon Amour,1959,Not Rated,90 min,"Drama, Romance",7.9,"32,713","$96,439"
571,Cat on a Hot Tin Roof,1958,Not Rated,108 min,Drama,7.9,"50,087",N/A
572,Elevator to the Gallows,1958,Not Rated,91 min,"Crime, Drama, Thriller",7.9,"26,037","$374,671"
573,The Ten Commandments,1956,G,220 min,"Adventure, Drama, Family",7.9,"71,559","$65,500,000"
574,The Searchers,1956,Passed,119 min,"Adventure, Drama, Western",7.9,"90,070",N/A
575,The Big Heat,1953,Passed,89 min,"Crime, Film-Noir, Thriller",7.9,"27,011",N/A
576,A Streetcar Named Desire,1951,M/PG,122 min,Drama,7.9,"108,980",N/A
577,Strangers on a Train,1951,PG,101 min,"Crime, Drama, Film-Noir",7.9,"134,598","$26,597"
578,In a Lonely Place,1950,Not Rated,94 min,"Drama, Film-Noir, Mystery",7.9,"31,986",N/A
579,Harvey,1950,Approved,104 min,"Comedy, Drama, Fantasy",7.9,"55,983",N/A
580,Rope,1948,Approved,80 min,"Crime, Drama, Mystery",7.9,"144,500",N/A
581,Miracle on 34th Street,1947,Not Rated,96 min,"Comedy, Drama, Family",7.9,"47,907",N/A
582,Notorious,1946,Not Rated,102 min,"Drama, Film-Noir, Romance",7.9,"101,655",N/A
583,The Big Sleep,1946,Passed,114 min,"Crime, Film-Noir, Mystery",7.9,"86,305","$25,556"
584,Beauty and the Beast,1946,Not Rated,93 min,"Drama, Fantasy, Romance",7.9,"26,674","$298,718"
585,Mildred Pierce,1945,Approved,111 min,"Crime, Drama, Film-Noir",7.9,"26,328",N/A
586,The Lost Weekend,1945,Passed,101 min,"Drama, Film-Noir",7.9,"37,569",N/A
587,Laura,1944,Passed,88 min,"Drama, Film-Noir, Mystery",7.9,"47,866",N/A
588,Arsenic and Old Lace,1944,Not Rated,118 min,"Comedy, Crime, Thriller",7.9,"71,401",N/A
589,Sullivan's Travels,1941,Passed,90 min,"Adventure, Comedy, Drama",7.9,"26,621",N/A
590,The Philadelphia Story,1940,Not Rated,112 min,"Comedy, Romance",7.9,"69,714","$404,524"
591,The Rules of the Game,1939,Not Rated,110 min,"Comedy, Drama",7.9,"29,280","$273,641"
592,The Adventures of Robin Hood,1938,PG,102 min,"Action, Adventure, Romance",7.9,"51,440",N/A
593,The Thin Man,1934,TV-PG,91 min,"Comedy, Mystery",7.9,"30,159",N/A
594,King Kong,1933,Passed,100 min,"Adventure, Horror, Sci-Fi",7.9,"86,054",N/A
595,Battleship Potemkin,1925,Not Rated,66 min,"Drama, History, Thriller",8.0,"58,093","$51,198"
596,Nosferatu,1922,Not Rated,94 min,"Fantasy, Horror",7.9,"98,387",N/A
597,The Gentlemen,2019,R,113 min,"Action, Comedy, Crime",7.8,"338,072","$36,471,795"
598,Hindi Medium,2017,Not Rated,132 min,"Comedy, Drama",7.8,"29,350",N/A
599,Call Me by Your Name,2017,R,132 min,"Drama, Romance",7.8,"272,212","$18,095,701"
600,"I, Daniel Blake",2016,R,100 min,Drama,7.8,"60,485","$260,354"
601,Isle of Dogs,2018,PG-13,101 min,"Animation, Adventure, Comedy",7.8,"169,724","$32,015,231"
602,Dunkirk,2017,PG-13,106 min,"Action, Drama, History",7.8,"656,402","$189,740,665"
603,Hidden Figures,2016,PG,127 min,"Biography, Drama, History",7.8,"230,950","$169,607,287"
604,Hunt for the Wilderpeople,2016,PG-13,101 min,"Adventure, Comedy, Drama",7.8,"131,407","$5,205,468"
605,Paddington 2,2017,PG,103 min,"Adventure, Comedy, Family",7.8,"79,592","$40,907,738"
606,Manchester by the Sea,2016,R,137 min,Drama,7.8,"283,098","$47,695,371"
607,Land of Mine,2015,R,100 min,"Drama, History, War",7.8,"41,737","$435,266"
608,Rogue One: A Star Wars Story,2016,PG-13,133 min,"Action, Adventure, Sci-Fi",7.8,"635,843","$533,539,991"
609,Captain Fantastic,2016,R,118 min,"Comedy, Drama",7.8,"219,593","$5,879,835"
610,Captain America: Civil War,2016,PG-13,147 min,"Action, Adventure, Sci-Fi",7.8,"785,453","$408,084,349"
611,The Hateful Eight,2015,R,168 min,"Crime, Drama, Mystery",7.8,"597,937","$54,117,416"
612,Little Women,2019,PG,135 min,"Drama, Romance",7.8,"204,073","$108,101,214"
613,Loving Vincent,2017,PG-13,94 min,"Animation, Biography, Crime",7.8,"58,554","$6,735,118"
614,Pride,2014,R,119 min,"Biography, Comedy, Drama",7.8,"57,725","$1,446,634"
615,Nightcrawler,2014,R,117 min,"Crime, Drama, Thriller",7.8,"546,517","$32,381,217"
616,Star Wars: Episode VII - The Force Awakens,2015,PG-13,138 min,"Action, Adventure, Sci-Fi",7.8,"929,335","$936,662,225"
617,The Lunchbox,2013,PG,104 min,"Drama, Romance",7.8,"56,783","$4,235,151"
618,"Like Father, Like Son",2013,Not Rated,121 min,Drama,7.8,"25,418","$334,616"
619,Vicky Donor,2012,Not Rated,126 min,"Comedy, Romance",7.8,"43,671","$549,001"
620,Big Hero 6,2014,PG,102 min,"Animation, Action, Adventure",7.8,"461,943","$222,527,828"
621,About Time,2013,R,123 min,"Comedy, Drama, Fantasy",7.8,"351,160","$15,322,921"
622,English Vinglish,2012,Not Rated,134 min,"Comedy, Drama, Family",7.8,"36,783","$1,862,086"
623,The Best Offer,2013,R,131 min,"Crime, Drama, Mystery",7.8,"120,070","$100,035"
624,The Batman,2022,PG-13,176 min,"Action, Crime, Drama",7.9,"621,601","$369,345,583"
625,Captain America: The Winter Soldier,2014,PG-13,136 min,"Action, Adventure, Sci-Fi",7.8,"843,979","$259,766,572"
626,Once Upon a Time in Anatolia,2011,Not Rated,157 min,"Crime, Drama, Thriller",7.8,"46,698","$152,408"
627,Moonrise Kingdom,2012,PG-13,94 min,"Comedy, Drama, Romance",7.8,"350,484","$45,512,466"
628,How to Train Your Dragon 2,2014,PG,102 min,"Animation, Action, Adventure",7.8,"336,206","$177,002,924"
629,The Big Short,2015,R,130 min,"Biography, Comedy, Drama",7.8,"431,628","$70,259,870"
630,I Saw the Devil,2010,Not Rated,144 min,"Action, Crime, Thriller",7.8,"131,438","$129,210"
631,The Girl with the Dragon Tattoo,2011,R,158 min,"Crime, Drama, Mystery",7.8,"464,326","$102,515,793"
632,Captain Phillips,2013,PG-13,134 min,"Action, Biography, Crime",7.8,"460,907","$107,100,855"
633,Straight Outta Compton,2015,R,147 min,"Biography, Drama, History",7.8,"202,980","$161,197,785"
634,The Irishman,2019,R,209 min,"Biography, Crime, Drama",7.8,"386,441",N/A
635,The Social Network,2010,PG-13,120 min,"Biography, Drama",7.8,"702,485","$96,962,694"
636,A Prophet,2009,R,155 min,"Crime, Drama",7.8,"98,885","$2,087,720"
637,Thirteen Lives,2022,PG-13,147 min,"Action, Adventure, Biography",7.8,"50,459",N/A
638,Mother,2009,R,129 min,"Crime, Drama, Mystery",7.8,"64,762","$551,509"
639,The Chaser,2008,Not Rated,125 min,"Action, Crime, Drama",7.8,"67,021",N/A
640,Moon,2009,R,97 min,"Drama, Mystery, Sci-Fi",7.8,"360,249","$5,010,163"
641,The Hobbit: The Desolation of Smaug,2013,PG-13,161 min,"Adventure, Fantasy",7.8,"663,294","$258,387,334"
642,The White Ribbon,2009,R,144 min,"Drama, Mystery, Thriller",7.8,"74,052",N/A
643,The Girl with the Dragon Tattoo,2009,R,152 min,"Crime, Drama, Mystery",7.8,"217,395","$10,095,170"
644,Skyfall,2012,PG-13,143 min,"Action, Adventure, Thriller",7.8,"695,998","$304,360,277"
645,The Worst Person in the World,2021,R,128 min,"Comedy, Drama, Romance",7.8,"66,374","$3,034,775"
646,All Quiet on the Western Front,2022,R,148 min,"Action, Drama, War",7.9,"67,580",N/A
647,The Fighter,2010,R,116 min,"Action, Biography, Drama",7.8,"368,117","$93,617,009"
648,Taken,2008,PG-13,90 min,"Action, Crime, Thriller",7.8,"603,220","$145,000,989"
649,Once,2007,R,86 min,"Drama, Music, Romance",7.8,"116,990","$9,439,923"
650,The Hobbit: An Unexpected Journey,2012,PG-13,169 min,"Adventure, Fantasy",7.8,"827,914","$303,030,651"
651,Changeling,2008,R,141 min,"Biography, Crime, Drama",7.8,"256,539","$35,739,802"
652,Atonement,2007,R,123 min,"Drama, Mystery, Romance",7.8,"279,604","$50,927,067"
653,Drive,2011,R,100 min,"Action, Drama",7.8,"639,561","$35,061,555"
654,American Gangster,2007,R,157 min,"Biography, Crime, Drama",7.8,"427,722","$130,164,645"
655,Avatar,2009,PG-13,162 min,"Action, Adventure, Fantasy",7.8,"1,247,508","$785,221,649"
656,Mr. Nobody,2009,R,141 min,"Drama, Fantasy, Romance",7.8,"233,735","$3,622"
657,Apocalypto,2006,R,139 min,"Action, Adventure, Drama",7.8,"314,110","$50,866,635"
658,The Fall,2006,R,117 min,"Adventure, Drama, Fantasy",7.8,"112,755","$2,266,905"
659,Little Miss Sunshine,2006,R,101 min,"Comedy, Drama",7.8,"480,854","$59,891,098"
660,Hot Fuzz,2007,R,121 min,"Action, Comedy, Mystery",7.8,"506,487","$23,637,265"
661,The Curious Case of Benjamin Button,2008,PG-13,166 min,"Drama, Fantasy, Romance",7.8,"651,065","$127,509,326"
662,Veer-Zaara,2004,Not Rated,192 min,"Drama, Family, Musical",7.8,"53,705","$2,938,532"
663,Pride & Prejudice,2005,PG,129 min,"Drama, Romance",7.8,"297,025","$38,405,088"
664,The World's Fastest Indian,2005,PG-13,127 min,"Biography, Drama, Sport",7.8,"55,354","$5,128,124"
665,Tokyo Godfathers,2003,PG-13,92 min,"Animation, Adventure, Comedy",7.8,"40,914","$367,131"
666,Serenity,2005,PG-13,119 min,"Action, Adventure, Sci-Fi",7.8,"296,849","$25,514,517"
667,Crash,2004,R,112 min,"Crime, Drama, Thriller",7.8,"437,299","$54,580,300"
668,The Chorus,2004,PG-13,97 min,"Comedy, Drama, Music",7.8,"62,782","$3,635,164"
669,Walk the Line,2005,PG-13,136 min,"Biography, Drama, Music",7.8,"252,315","$119,519,402"
670,The Notebook,2004,PG-13,123 min,"Drama, Romance",7.8,"573,254","$81,417,274"
671,The Last Samurai,2003,R,154 min,"Action, Drama",7.8,"440,996","$111,127,263"
672,The Motorcycle Diaries,2004,R,126 min,"Adventure, Biography, Drama",7.8,"101,698","$16,781,387"
673,Lilya 4-Ever,2002,R,109 min,"Crime, Drama",7.8,"46,036","$184,023"
674,Millennium Actress,2001,PG,87 min,"Animation, Drama, Fantasy",7.8,"28,518","$262,891"
675,Cowboy Bebop: The Movie,2001,TV-14,115 min,"Animation, Action, Crime",7.8,"49,316","$1,000,045"
676,Joint Security Area,2000,Not Rated,110 min,"Action, Drama, Thriller",7.8,"30,831",N/A
677,Remember the Titans,2000,PG,113 min,"Biography, Drama, Sport",7.8,"216,834","$115,719,751"
678,All About My Mother,1999,R,101 min,Drama,7.8,"97,534","$8,344,738"
679,Cast Away,2000,PG-13,143 min,"Adventure, Drama, Romance",7.8,"592,072","$233,632,142"
680,The Insider,1999,R,157 min,"Biography, Drama, Thriller",7.8,"172,085","$29,089,912"
681,October Sky,1999,PG,108 min,"Biography, Drama, Family",7.8,"91,861","$32,570,685"
682,Being John Malkovich,1999,R,113 min,"Comedy, Drama, Fantasy",7.8,"336,830","$22,863,596"
683,Gattaca,1997,PG-13,106 min,"Drama, Sci-Fi, Thriller",7.8,"305,689","$12,532,777"
684,Hamlet,1996,PG-13,242 min,Drama,7.8,"38,421","$4,708,156"
685,Breaking the Waves,1996,R,159 min,Drama,7.8,"67,593","$3,803,298"
686,Ed Wood,1994,R,127 min,"Biography, Comedy, Drama",7.8,"177,234","$5,887,457"
687,Tombstone,1993,R,130 min,"Biography, Drama, History",7.8,"149,585","$56,505,065"
688,The Sandlot,1993,PG,101 min,"Comedy, Drama, Family",7.8,"93,149","$32,950,136"
689,The Remains of the Day,1993,PG,134 min,"Drama, Romance",7.8,"75,177","$23,237,911"
690,Ninja Scroll,1993,Not Rated,94 min,"Animation, Action, Adventure",7.8,"37,914",N/A
691,The Fugitive,1993,PG-13,130 min,"Action, Crime, Drama",7.8,"295,629","$183,875,760"
692,A Bronx Tale,1993,R,121 min,"Crime, Drama",7.8,"143,118","$17,287,898"
693,Batman: Mask of the Phantasm,1993,PG,76 min,"Animation, Action, Adventure",7.8,"51,664","$5,635,204"
694,Boyz n the Hood,1991,R,112 min,"Crime, Drama",7.8,"141,670","$57,504,069"
695,Misery,1990,R,107 min,"Drama, Thriller",7.8,"213,604","$61,276,872"
696,Awakenings,1990,PG-13,121 min,"Biography, Drama",7.8,"142,578","$52,096,475"
697,Kiki's Delivery Service,1989,G,103 min,"Animation, Adventure, Family",7.8,"145,641","$1,004,057"
698,Glory,1989,R,122 min,"Biography, Drama, History",7.8,"135,804","$26,979,166"
699,The Killer,1989,R,111 min,"Action, Crime, Drama",7.8,"48,809",N/A
700,Crimes and Misdemeanors,1989,PG-13,104 min,"Comedy, Drama",7.8,"58,374","$18,254,702"
701,Back to the Future Part II,1989,PG,108 min,"Adventure, Comedy, Sci-Fi",7.8,"532,369","$119,000,002"
702,Mississippi Burning,1988,R,128 min,"Crime, Drama, History",7.8,"101,666","$34,603,943"
703,Predator,1987,R,107 min,"Action, Adventure, Horror",7.8,"424,547","$59,735,548"
704,Ferris Bueller's Day Off,1986,PG-13,103 min,Comedy,7.8,"358,982","$70,136,369"
705,The Breakfast Club,1985,R,97 min,"Comedy, Drama",7.8,"399,518","$45,875,171"
706,The Killing Fields,1984,R,141 min,"Biography, Drama, History",7.8,"55,918","$34,700,291"
707,Ghostbusters,1984,PG,105 min,"Action, Comedy, Fantasy",7.8,"416,323","$243,578,797"
708,The Right Stuff,1983,PG,193 min,"Adventure, Biography, Drama",7.8,"61,883","$21,192,102"
709,The King of Comedy,1982,PG,109 min,"Comedy, Crime, Drama",7.8,"104,400","$2,536,242"
710,Kramer vs. Kramer,1979,PG,105 min,Drama,7.8,"146,095","$106,260,000"
711,All That Jazz,1979,R,123 min,"Drama, Music, Musical",7.8,"32,325","$37,823,676"
712,Days of Heaven,1978,PG,94 min,"Drama, Romance",7.8,"58,611","$3,446,749"
713,Dawn of the Dead,1978,Unrated,127 min,"Horror, Thriller",7.8,"121,677",N/A
714,The Outlaw Josey Wales,1976,PG,135 min,Western,7.8,"74,342","$31,800,000"
715,The Man Who Would Be King,1975,PG,129 min,"Adventure, History, War",7.8,"49,371",N/A
716,The Holy Mountain,1973,R,114 min,"Adventure, Drama, Fantasy",7.8,"43,717","$61,001"
717,The Conversation,1974,PG,113 min,"Drama, Mystery, Thriller",7.8,"112,779","$4,671,805"
718,The Day of the Jackal,1973,PG,143 min,"Crime, Drama, Thriller",7.8,"41,516","$16,056,255"
719,The Discreet Charm of the Bourgeoisie,1972,PG,102 min,Comedy,7.8,"43,419","$69,781"
720,Cabaret,1972,PG,124 min,"Drama, Music, Musical",7.8,"55,701",N/A
721,"Aguirre, the Wrath of God",1972,Not Rated,95 min,"Action, Adventure, Biography",7.8,"57,794",N/A
722,Willy Wonka & the Chocolate Factory,1971,G,100 min,"Family, Fantasy, Musical",7.8,"201,936","$573,368"
723,Midnight Cowboy,1969,X,113 min,Drama,7.8,"111,761","$44,785,053"
724,Night of the Living Dead,1968,Not Rated,96 min,"Horror, Thriller",7.8,"130,453","$236,452"
725,Guess Who's Coming to Dinner,1967,Approved,108 min,"Comedy, Drama",7.8,"45,805","$56,666,667"
726,The Umbrellas of Cherbourg,1964,Not Rated,91 min,"Drama, Musical, Romance",7.8,"27,988","$28,030"
727,My Fair Lady,1964,G,170 min,"Drama, Family, Musical",7.8,"96,103","$72,560,711"
728,Mary Poppins,1964,G,139 min,"Comedy, Family, Fantasy",7.8,"173,731","$102,272,727"
729,The Innocents,1961,Not Rated,100 min,Horror,7.8,"30,890",N/A
730,L'Avventura,1960,Not Rated,144 min,"Drama, Mystery, Romance",7.8,"30,191",N/A
731,East of Eden,1955,PG,118 min,Drama,7.8,"45,957",N/A
732,The Day the Earth Stood Still,1951,G,92 min,"Drama, Sci-Fi",7.8,"82,424",N/A
733,The Asphalt Jungle,1950,Passed,112 min,"Crime, Drama, Film-Noir",7.8,"27,703",N/A
734,Red River,1948,Passed,133 min,"Drama, Western",7.8,"31,622",N/A
735,To Have and Have Not,1944,Passed,100 min,"Adventure, Comedy, Film-Noir",7.8,"35,156",N/A
736,Gaslight,1944,Passed,114 min,"Crime, Drama, Mystery",7.8,"29,662",N/A
737,Shadow of a Doubt,1943,Passed,108 min,"Film-Noir, Thriller",7.8,"66,187",N/A
738,His Girl Friday,1940,Passed,92 min,"Comedy, Drama, Romance",7.8,"59,234","$296,000"
739,Stagecoach,1939,Passed,96 min,"Adventure, Drama, Western",7.8,"49,434",N/A
740,You Can't Take It with You,1938,Passed,126 min,"Comedy, Drama, Romance",7.8,"26,087",N/A
741,The Lady Vanishes,1938,Not Rated,96 min,"Mystery, Thriller",7.8,"53,250",N/A
742,Bringing Up Baby,1938,Passed,102 min,Comedy,7.8,"62,047",N/A
743,A Night at the Opera,1935,Passed,96 min,"Comedy, Music, Musical",7.8,"33,130","$2,537,520"
744,The Bride of Frankenstein,1935,Not Rated,75 min,"Drama, Horror, Sci-Fi",7.8,"49,420",N/A
745,Duck Soup,1933,Not Rated,69 min,"Comedy, Musical",7.8,"60,454",N/A
746,Freaks,1932,Not Rated,64 min,"Drama, Horror",7.8,"47,003",N/A
747,Frankenstein,1931,Passed,70 min,"Drama, Horror, Sci-Fi",7.8,"73,864",N/A
748,Dragon Ball Super: Broly,2018,PG,100 min,"Animation, Action, Adventure",7.7,"28,046","$30,712,119"
749,Triangle of Sadness,2022,R,147 min,"Comedy, Drama",7.9,"16,608","$320,475"
750,Roma,2018,R,135 min,Drama,7.7,"158,959",N/A
751,Deadpool 2,2018,R,119 min,"Action, Adventure, Comedy",7.7,"580,760","$324,591,735"
752,Sound of Metal,2019,R,120 min,"Drama, Music",7.7,"128,269",N/A
753,Wind River,2017,R,107 min,"Crime, Drama, Mystery",7.7,"252,680","$33,800,859"
754,The Salesman,2016,PG-13,124 min,"Drama, Thriller",7.7,"60,950","$2,402,067"
755,Get Out,2017,R,104 min,"Horror, Mystery, Thriller",7.7,"607,349","$176,196,665"
756,Mission: Impossible - Fallout,2018,PG-13,147 min,"Action, Adventure, Thriller",7.7,"333,077","$220,159,104"
757,Perfect Strangers,2016,N/A,96 min,"Comedy, Drama",7.7,"65,858",N/A
758,Kubo and the Two Strings,2016,PG,101 min,"Animation, Action, Adventure",7.7,"130,013","$48,023,088"
759,A Man Called Ove,2015,PG-13,116 min,"Comedy, Drama, Romance",7.7,"56,243","$3,479,315"
760,The Breadwinner,2017,PG-13,94 min,"Animation, Drama, Family",7.7,"25,749","$313,215"
761,When Marnie Was There,2014,PG,103 min,"Animation, Drama, Family",7.7,"41,151","$561,085"
762,The Theory of Everything,2014,PG-13,123 min,"Biography, Drama, Romance",7.7,"451,952","$35,893,537"
763,Kingsman: The Secret Service,2014,R,129 min,"Action, Adventure, Comedy",7.7,"667,324","$128,261,724"
764,The Fault in Our Stars,2014,PG-13,126 min,"Drama, Romance",7.7,"378,023","$124,872,350"
765,Me and Earl and the Dying Girl,2015,PG-13,105 min,"Comedy, Drama, Romance",7.7,"132,529","$6,758,416"
766,Birdman or (The Unexpected Virtue of Ignorance),2014,R,119 min,"Comedy, Drama",7.7,"630,058","$42,340,598"
767,The Past,2013,PG-13,130 min,"Drama, Mystery",7.7,"49,190","$1,331,747"
768,The Great Beauty,2013,Not Rated,141 min,Drama,7.7,"91,440","$2,852,400"
769,My Life as a Zucchini,2016,PG-13,70 min,"Animation, Drama, Family",7.7,"25,812","$309,766"
770,Blue Is the Warmest Colour,2013,NC-17,180 min,"Drama, Romance",7.7,"153,104","$2,199,787"
771,The Broken Circle Breakdown,2012,Not Rated,111 min,"Drama, Music, Romance",7.7,"41,423","$175,058"
772,The Wind Rises,2013,PG-13,126 min,"Animation, Biography, Drama",7.7,"86,602","$5,209,580"
773,Toy Story 4,2019,G,100 min,"Animation, Adventure, Comedy",7.7,"250,795","$434,038,008"
774,Nebraska,2013,R,115 min,"Adventure, Comedy, Drama",7.7,"118,702","$17,654,912"
775,Wreck-It Ralph,2012,PG,101 min,"Animation, Adventure, Comedy",7.7,"422,303","$189,422,889"
776,The Little Prince,2015,PG,108 min,"Animation, Adventure, Drama",7.7,"62,698","$1,339,152"
777,Detachment,2011,Not Rated,98 min,Drama,7.7,"86,987","$72,689"
778,Midnight in Paris,2011,PG-13,94 min,"Comedy, Fantasy, Romance",7.7,"424,567","$56,817,045"
779,Confessions,2010,Not Rated,106 min,"Drama, Thriller",7.7,"39,581",N/A
780,The Man from Nowhere,2010,R,119 min,"Action, Crime, Drama",7.7,"70,233","$528,175"
781,The Lego Movie,2014,PG,100 min,"Animation, Action, Adventure",7.7,"356,518","$257,966,122"
782,Gravity,2013,PG-13,91 min,"Drama, Sci-Fi, Thriller",7.7,"825,505","$274,092,705"
783,Star Trek Into Darkness,2013,PG-13,132 min,"Action, Adventure, Sci-Fi",7.7,"484,400","$228,778,661"
784,Beasts of No Nation,2015,TV-MA,137 min,"Drama, War",7.7,"81,904","$90,777"
785,,,,,,,,
786,The Hangover,2009,R,100 min,Comedy,7.7,"784,959","$277,339,746"
787,The Trial of the Chicago 7,2020,R,129 min,"Drama, History, Thriller",7.7,"177,643",N/A
788,Silver Linings Playbook,2012,R,122 min,"Comedy, Drama, Romance",7.7,"709,927","$132,092,958"
789,Another Round,2020,Not Rated,117 min,"Comedy, Drama",7.7,"157,877",N/A
790,Argo,2012,R,120 min,"Biography, Drama, Thriller",7.7,"615,255","$136,025,503"
791,500 Days of Summer,2009,PG-13,95 min,"Comedy, Drama, Romance",7.7,"516,486","$32,391,374"
792,Harry Potter and the Deathly Hallows: Part 1,2010,PG-13,146 min,"Adventure, Family, Fantasy",7.7,"547,840","$296,374,621"
793,The Boy in the Striped Pajamas,2008,PG-13,94 min,"Drama, War",7.7,"219,837","$9,046,156"
794,The Edge of Heaven,2007,Not Rated,122 min,Drama,7.7,"32,395","$742,349"
795,Frost/Nixon,2008,R,122 min,"Biography, Drama, History",7.7,"108,595","$18,622,031"
796,Paprika,2006,R,90 min,"Animation, Drama, Fantasy",7.7,"84,119","$882,267"
797,Flipped,2010,PG,90 min,"Comedy, Drama, Romance",7.7,"90,695","$1,755,212"
798,The Girl Who Leapt Through Time,2006,TV-PG,98 min,"Animation, Adventure, Comedy",7.7,"66,669",N/A
799,This Is England,2006,Not Rated,101 min,"Crime, Drama",7.7,"123,052","$329,379"
800,Ex Machina,2014,R,108 min,"Drama, Sci-Fi, Thriller",7.7,"545,429","$25,442,958"
801,After the Wedding,2006,R,120 min,Drama,7.7,"35,039","$1,534,584"
802,Zodiac,2007,R,157 min,"Crime, Drama, Mystery",7.7,"541,837","$33,080,084"
803,Lucky Number Slevin,2006,R,110 min,"Crime, Drama, Thriller",7.7,"314,503","$22,495,466"
804,Joyeux Noel,2005,PG-13,116 min,"Drama, History, Music",7.7,"29,973",N/A
805,Adam's Apples,2005,R,94 min,"Comedy, Crime, Drama",7.7,"51,252","$1,305"
806,Tangled,2010,PG,100 min,"Animation, Adventure, Comedy",7.7,"453,887","$200,821,936"
807,Black Book,2006,R,145 min,"Drama, Thriller, War",7.7,"77,282","$4,398,532"
808,Brokeback Mountain,2005,R,134 min,"Drama, Romance",7.7,"357,791","$83,043,761"
809,3:10 to Yuma,2007,R,122 min,"Action, Crime, Drama",7.7,"312,995","$53,606,916"
810,Kung Fu Hustle,2004,R,99 min,"Action, Comedy, Fantasy",7.7,"140,834","$17,108,591"
811,The Bourne Supremacy,2004,PG-13,108 min,"Action, Mystery, Thriller",7.7,"464,439","$176,241,941"
812,The Machinist,2004,R,101 min,"Drama, Thriller",7.7,"391,141","$1,082,715"
813,Ray,2004,PG-13,152 min,"Biography, Drama, Music",7.7,"148,611","$75,331,600"
814,Evil,2003,Not Rated,113 min,Drama,N/A,"39,029",N/A
815,Lost in Translation,2003,R,102 min,"Comedy, Drama",7.7,"455,342","$44,585,453"
816,Harry Potter and the Goblet of Fire,2005,PG-13,157 min,"Adventure, Family, Fantasy",7.7,"625,197","$290,469,928"
817,Man on Fire,2004,R,146 min,"Action, Crime, Drama",7.7,"364,123","$77,911,774"
818,Coraline,2009,PG,100 min,"Animation, Drama, Family",7.7,"230,564","$75,286,229"
819,The Magdalene Sisters,2002,R,114 min,Drama,7.7,"27,453","$4,890,878"
820,Finding Neverland,2004,PG,106 min,"Biography, Drama, Family",7.7,"207,187","$51,680,613"
821,Good Bye Lenin!,2003,R,121 min,"Comedy, Drama, Romance",7.7,"146,877","$4,064,200"
822,In America,2002,PG-13,105 min,Drama,7.7,"43,331","$15,539,656"
823,The Triplets of Belleville,2003,PG-13,80 min,"Animation, Comedy, Drama",7.7,"54,716","$7,007,149"
824,Adaptation.,2002,R,115 min,"Comedy, Drama",7.7,"193,528","$22,498,520"
825,Black Hawk Down,2001,R,144 min,"Action, Drama, History",7.7,"397,741","$108,638,745"
826,Road to Perdition,2002,R,117 min,"Crime, Drama, Thriller",7.7,"269,040","$104,454,762"
827,The Experiment,2001,R,120 min,"Drama, Thriller",7.7,"94,098","$144,634"
828,Billy Elliot,2000,R,110 min,"Drama, Music",7.7,"135,680","$21,995,263"
829,Hedwig and the Angry Inch,2001,R,95 min,"Comedy, Drama, Music",7.7,"35,973",N/A
830,The Count of Monte Cristo,2002,PG-13,131 min,"Action, Adventure, Drama",7.7,"138,692","$54,234,062"
831,Y tu mamá también,2001,R,106 min,Drama,7.7,"123,487","$13,839,658"
832,Waking Life,2001,R,99 min,"Animation, Drama, Fantasy",7.7,"64,626","$2,901,447"
833,Ocean's Eleven,2001,PG-13,116 min,"Crime, Thriller",7.7,"575,251","$183,417,150"
834,"O Brother, Where Art Thou?",2000,PG-13,107 min,"Adventure, Comedy, Crime",7.7,"312,768","$45,512,588"
835,"South Park: Bigger, Longer & Uncut",1999,R,81 min,"Animation, Comedy, Fantasy",7.7,"205,302","$52,037,603"
836,Office Space,1999,R,89 min,Comedy,7.7,"268,455","$10,827,810"
837,Happiness,1998,NC-17,134 min,"Comedy, Drama",7.7,"70,838","$2,982,011"
838,The Boondock Saints,1999,R,108 min,"Action, Thriller",7.7,"240,292","$30,471"
839,Training Day,2001,R,122 min,"Action, Crime, Drama",7.7,"436,829","$76,631,907"
840,Run Lola Run,1998,R,80 min,"Action, Crime, Thriller",7.7,"199,615","$7,267,585"
841,Open Your Eyes,1997,R,119 min,"Drama, Mystery, Sci-Fi",7.7,"69,707","$370,720"
842,Taste of Cherry,1997,Not Rated,95 min,Drama,7.7,"31,661",N/A
843,As Good as It Gets,1997,PG-13,139 min,"Comedy, Drama, Romance",7.7,"299,242","$148,478,011"
844,Fireworks,1997,N/A,103 min,"Crime, Drama, Romance",7.7,"30,939","$500,000"
845,The Game,1997,R,129 min,"Drama, Mystery, Thriller",7.7,"396,875","$48,323,648"
846,Donnie Brasco,1997,R,127 min,"Biography, Crime, Drama",7.7,"308,873","$41,909,762"
847,Happy Together,1997,Not Rated,96 min,"Drama, Romance",7.7,"30,107","$320,319"
848,Primal Fear,1996,R,129 min,"Crime, Drama, Mystery",7.7,"219,370","$56,116,183"
849,Sense and Sensibility,1995,PG,136 min,"Drama, Romance",7.7,"117,006","$43,182,776"
850,Apollo 13,1995,PG,140 min,"Adventure, Drama, History",7.7,"296,033","$173,837,933"
851,The Postman,1994,PG,108 min,"Biography, Comedy, Drama",7.7,"36,765","$21,848,932"
852,Clerks,1994,R,92 min,Comedy,7.7,"223,866","$3,151,130"
853,What's Eating Gilbert Grape,1993,PG-13,118 min,Drama,7.7,"238,066","$10,032,765"
854,Short Cuts,1993,R,188 min,"Comedy, Drama",7.7,"45,315","$6,110,979"
855,Philadelphia,1993,PG-13,125 min,Drama,7.7,"242,946","$77,446,440"
856,Naked,1993,Not Rated,131 min,"Comedy, Drama",7.7,"39,889","$1,769,305"
857,The Muppet Christmas Carol,1992,G,85 min,"Comedy, Drama, Family",7.7,"58,759","$27,381,507"
858,Malcolm X,1992,PG-13,202 min,"Biography, Drama, History",7.7,"95,311","$48,169,910"
859,The Last of the Mohicans,1992,R,112 min,"Action, Adventure, Drama",7.7,"171,449","$75,505,856"
860,Hard Boiled,1992,R,128 min,"Action, Crime, Thriller",7.7,"51,030",N/A
861,Porco Rosso,1992,PG,94 min,"Animation, Adventure, Comedy",7.7,"90,614","$443,059"
862,Glengarry Glen Ross,1992,R,100 min,"Crime, Drama, Mystery",7.7,"106,090","$10,725,228"
863,A Few Good Men,1992,R,138 min,"Drama, Thriller",7.7,"265,671","$141,340,178"
864,Night on Earth,1991,R,129 min,"Comedy, Drama",7.7,"61,066","$2,015,810"
865,Fried Green Tomatoes,1991,PG-13,130 min,Drama,7.7,"75,712","$82,418,501"
866,The Double Life of Véronique,1991,R,98 min,"Drama, Fantasy, Music",7.7,"49,124","$1,999,955"
867,Dreams,1990,PG,119 min,"Drama, Fantasy",7.7,"26,786","$1,963,207"
868,Miller's Crossing,1990,R,115 min,"Crime, Drama, Thriller",7.7,"135,923","$5,080,409"
869,Home Alone,1990,PG,103 min,"Comedy, Family",7.7,"565,998","$285,761,243"
870,When Harry Met Sally...,1989,R,95 min,"Comedy, Drama, Romance",7.7,"221,501","$93,117,425"
871,Who Framed Roger Rabbit,1988,PG,104 min,"Animation, Adventure, Comedy",7.7,"202,664","$156,452,370"
872,The Vanishing,1988,Not Rated,107 min,"Mystery, Thriller",7.7,"39,576",N/A
873,The Last Emperor,1987,PG-13,163 min,"Biography, Drama, History",7.7,"104,033","$43,984,230"
874,Evil Dead II,1987,R,84 min,"Comedy, Horror",7.7,"165,992","$5,923,044"
875,Empire of the Sun,1987,PG,153 min,"Drama, History, War",7.7,"126,599","$22,238,696"
876,The Name of the Rose,1986,R,130 min,"Drama, Mystery, Thriller",7.7,"109,540","$7,153,487"
877,Down by Law,1986,R,107 min,"Comedy, Crime, Drama",7.7,"52,012","$1,435,668"
878,Blue Velvet,1986,R,120 min,"Crime, Drama, Mystery",7.7,"200,336","$8,551,228"
879,The Purple Rose of Cairo,1985,PG,82 min,"Comedy, Fantasy, Romance",7.7,"52,063","$10,631,333"
880,The Goonies,1985,PG,114 min,"Adventure, Comedy, Family",7.7,"274,504","$63,711,145"
881,The Color Purple,1985,PG-13,154 min,Drama,7.7,"87,633","$98,467,863"
882,Zelig,1983,PG,79 min,Comedy,7.7,"42,377","$11,798,616"
883,The Verdict,1982,R,129 min,Drama,7.7,"41,066","$53,977,250"
884,Star Trek II: The Wrath of Khan,1982,PG,113 min,"Action, Adventure, Sci-Fi",7.7,"122,384","$79,707,906"
885,First Blood,1982,R,93 min,"Action, Adventure, Thriller",7.7,"253,953","$47,212,904"
886,Ordinary People,1980,R,124 min,Drama,7.7,"52,656","$54,766,923"
887,Airplane!,1980,PG,88 min,Comedy,7.7,"240,675","$83,453,539"
888,Halloween,1978,R,91 min,"Horror, Thriller",7.7,"282,238","$47,160,000"
889,Love and Death,1975,PG,85 min,"Comedy, War",7.7,"38,866","$20,123,742"
890,Blazing Saddles,1974,R,93 min,"Comedy, Western",7.7,"140,514","$119,616,663"
891,Serpico,1973,R,130 min,"Biography, Crime, Drama",7.7,"123,877","$29,800,000"
892,Fantastic Planet,1973,PG,72 min,"Animation, Sci-Fi",7.7,"31,864","$193,817"
893,Badlands,1973,PG,94 min,"Action, Crime, Drama",7.7,"73,638",N/A
894,Deliverance,1972,R,109 min,"Adventure, Drama, Thriller",7.7,"110,589",N/A
895,The French Connection,1971,R,104 min,"Action, Crime, Drama",7.7,"123,490","$51,700,000"
896,Dirty Harry,1971,R,102 min,"Action, Crime, Thriller",7.7,"157,695","$35,988,495"
897,Wait Until Dark,1967,Not Rated,108 min,Thriller,7.7,"31,151",N/A
898,The Dirty Dozen,1967,Approved,150 min,"Action, Adventure, War",7.7,"74,282",N/A
899,Bonnie and Clyde,1967,R,111 min,"Action, Biography, Crime",7.7,"113,920",N/A
900,Belle de Jour,1967,R,100 min,"Drama, Romance",7.7,"45,168","$4,063,348"
901,A Man for All Seasons,1966,G,120 min,"Biography, Drama, History",7.7,"34,891",N/A
902,Zulu,1964,Not Rated,138 min,"Drama, History, War",7.7,"39,662",N/A
903,Goldfinger,1964,PG,110 min,"Action, Adventure, Thriller",7.7,"191,526","$51,081,062"
904,The Longest Day,1962,G,178 min,"Action, Drama, History",7.7,"56,362",N/A
905,Cape Fear,1962,Passed,106 min,"Drama, Thriller",7.7,"29,603",N/A
906,Jules and Jim,1962,Not Rated,105 min,"Drama, Romance",7.7,"41,933",$509
907,The Magnificent Seven,1960,Approved,128 min,"Action, Adventure, Western",7.7,"95,478",N/A
908,Breathless,1960,Not Rated,90 min,"Crime, Drama",7.7,"82,431","$414,173"
909,Invasion of the Body Snatchers,1956,Approved,80 min,"Drama, Horror, Sci-Fi",7.7,"50,598",N/A
910,The Caine Mutiny,1954,Not Rated,124 min,"Drama, War",7.7,"28,099","$21,750,000"
911,The Quiet Man,1952,Passed,129 min,"Comedy, Drama, Romance",7.7,"39,145","$10,550,000"
912,The African Queen,1951,PG,105 min,"Adventure, Drama, Romance",7.7,"79,199",N/A
913,Key Largo,1948,Not Rated,100 min,"Action, Crime, Drama",7.7,"41,450","$7,017,420"
914,Fantasia,1940,G,125 min,"Animation, Family, Fantasy",7.7,"97,231","$76,408,097"
915,Scarface,1932,PG,93 min,"Action, Crime, Drama",7.7,"28,372",N/A
916,Dark Waters,2019,PG-13,126 min,"Biography, Drama, History",7.6,"89,330","$11,136,084"
917,The Mitchells vs the Machines,2021,PG,114 min,"Animation, Adventure, Comedy",7.6,"107,904",N/A
918,Searching,2018,PG-13,102 min,"Drama, Horror, Mystery",7.6,"163,316","$26,020,957"
919,Once Upon a Time in Hollywood,2019,R,161 min,"Comedy, Drama",7.6,"731,446","$142,502,728"
920,Guardians of the Galaxy Vol. 2,2017,PG-13,136 min,"Action, Adventure, Comedy",7.6,"677,802","$389,813,101"
921,Bridge of Spies,2015,PG-13,142 min,"Drama, History, Thriller",7.6,"312,130","$72,313,754"
922,Moana,2016,PG,107 min,"Animation, Adventure, Comedy",7.6,"335,336","$248,757,044"
923,What We Do in the Shadows,2014,R,86 min,"Comedy, Horror",7.6,"185,239","$3,469,224"
924,Sicario,2015,R,121 min,"Action, Crime, Drama",7.6,"429,413","$46,889,293"
925,Leviathan,2014,R,140 min,"Crime, Drama",7.6,"53,841","$1,092,800"
926,Hell or High Water,2016,R,102 min,"Crime, Drama, Thriller",7.6,"231,636","$27,007,844"
927,Philomena,2013,PG-13,98 min,"Biography, Comedy, Drama",7.6,"100,494","$37,709,979"
928,Dawn of the Planet of the Apes,2014,PG-13,130 min,"Action, Adventure, Drama",7.6,"442,371","$208,545,589"
929,The Raid: Redemption,2011,R,101 min,"Action, Crime, Thriller",7.6,"205,707","$4,105,187"
930,End of Watch,2012,R,109 min,"Action, Adventure, Crime",7.6,"249,792","$41,003,371"
931,A Star Is Born,2018,R,136 min,"Drama, Music, Romance",7.6,"384,098","$215,333,122"
932,True Grit,2010,PG-13,110 min,"Drama, Western",7.6,"339,942","$171,243,005"
933,Despicable Me,2010,PG,95 min,"Animation, Adventure, Comedy",7.6,"548,095","$251,557,985"
934,50/50,2011,R,100 min,"Comedy, Drama, Romance",7.6,"331,315","$35,014,192"
935,Kick-Ass,2010,R,117 min,"Action, Comedy, Crime",7.6,"563,475","$48,071,303"
936,Celda 211,2009,N/A,113 min,"Action, Crime, Drama",7.6,"68,154",N/A
937,Moneyball,2011,PG-13,133 min,"Biography, Drama, Sport",7.6,"424,355","$75,605,492"
938,The Skin I Live In,2011,R,120 min,"Drama, Horror, Mystery",7.6,"153,843","$3,185,812"
939,The Blind Side,2009,PG-13,129 min,"Biography, Drama, Sport",7.6,"332,260","$255,982,860"
940,Ponyo,2008,G,101 min,"Animation, Adventure, Comedy",7.6,"144,974","$15,743,471"
941,Superbad,2007,R,113 min,Comedy,7.6,"580,050","$121,463,226"
942,Seven Pounds,2008,PG-13,123 min,Drama,7.6,"303,743","$69,951,824"
943,Eastern Promises,2007,R,100 min,"Crime, Drama, Thriller",7.6,"243,918","$17,266,000"
944,Stardust,2007,PG-13,127 min,"Adventure, Family, Fantasy",7.6,"273,649","$38,634,938"
945,United 93,2006,R,111 min,"Action, Drama, History",7.6,"107,042","$31,483,450"
946,The Last King of Scotland,2006,R,123 min,"Biography, Drama, History",7.6,"187,253","$17,606,684"
947,Inside Man,2006,R,129 min,"Crime, Drama, Mystery",7.6,"373,446","$88,513,495"
948,Gone Baby Gone,2007,R,114 min,"Crime, Drama, Mystery",7.6,"272,853","$20,292,962"
949,Kung Fu Panda,2008,PG,92 min,"Animation, Action, Adventure",7.6,"470,529","$215,771,591"
950,Control,2007,R,122 min,"Biography, Drama, Music",7.6,"65,831","$872,252"
951,300,2006,R,117 min,"Action, Drama",7.6,"820,418","$210,629,101"
952,Match Point,2005,R,124 min,"Drama, Romance, Thriller",7.6,"219,066","$23,151,529"
953,Watchmen,2009,R,162 min,"Action, Drama, Mystery",7.6,"552,688","$107,509,799"
954,Lord of War,2005,R,122 min,"Crime, Drama",7.6,"318,510","$24,149,632"
955,Saw,2004,R,103 min,"Horror, Mystery, Thriller",7.6,"422,796","$56,000,369"
956,A Very Long Engagement,2004,R,133 min,"Drama, Mystery, Romance",7.6,"74,170","$6,524,389"
957,The Station Agent,2003,R,89 min,"Comedy, Drama",7.6,"70,994","$5,739,376"
958,21 Grams,2003,R,124 min,"Crime, Drama, Thriller",7.6,"237,925","$16,290,476"
959,25th Hour,2002,R,135 min,Drama,7.6,"179,543","$13,084,595"
960,The Butterfly Effect,2004,R,113 min,"Drama, Sci-Fi, Thriller",7.6,"490,732","$57,938,693"
961,I Am Sam,2001,PG-13,132 min,Drama,7.6,"150,772","$40,311,852"
962,The Royal Tenenbaums,2001,R,110 min,"Comedy, Drama",7.6,"293,953","$52,364,010"
963,Harry Potter and the Sorcerer's Stone,2001,PG,152 min,"Adventure, Family, Fantasy",7.6,"777,147","$318,886,962"
964,The Others,2001,PG-13,104 min,"Horror, Mystery, Thriller",7.6,"368,178","$96,522,687"
965,Traffic,2000,R,147 min,"Crime, Drama, Thriller",7.6,"208,235","$124,115,725"
966,Minority Report,2002,PG-13,145 min,"Action, Crime, Mystery",7.6,"552,519","$132,072,926"
967,American Psycho,2000,R,102 min,"Crime, Drama, Horror",7.6,"615,984","$15,070,285"
968,Rushmore,1998,R,93 min,"Comedy, Drama, Romance",7.6,"186,401","$17,105,219"
969,Star Wars: Episode III - Revenge of the Sith,2005,PG-13,140 min,"Action, Adventure, Fantasy",7.6,"790,637","$380,270,577"
970,The Thin Red Line,1998,R,170 min,"Drama, History, War",7.6,"188,681","$36,400,491"
971,Mulan,1998,G,88 min,"Animation, Adventure, Comedy",7.6,"289,126","$120,620,254"
972,The Fifth Element,1997,PG-13,126 min,"Action, Adventure, Sci-Fi",7.6,"474,890","$63,820,180"
973,Dark City,1998,R,100 min,"Fantasy, Mystery, Sci-Fi",7.6,"201,162","$14,378,331"
974,Shine,1996,PG-13,105 min,"Biography, Drama, Music",7.7,"54,568","$35,892,330"
975,Die Hard with a Vengeance,1995,R,128 min,"Action, Adventure, Thriller",7.6,"388,331","$100,012,499"
976,The Bridges of Madison County,1995,PG-13,135 min,"Drama, Romance",7.6,"82,310","$71,516,617"
977,My Cousin Vinny,1992,R,120 min,"Comedy, Crime",7.6,"126,172","$52,929,168"
978,Barton Fink,1991,R,116 min,"Comedy, Drama, Thriller",7.6,"122,648","$6,153,939"
979,The Godfather Part III,1990,R,162 min,"Crime, Drama",7.6,"397,654","$66,761,392"
980,The Naked Gun: From the Files of Police Squad!,1988,PG-13,85 min,"Comedy, Crime",7.6,"170,989","$78,756,177"
981,RoboCop,1987,R,102 min,"Action, Crime, Sci-Fi",7.6,"260,228","$53,424,681"
982,Lethal Weapon,1987,R,109 min,"Action, Crime, Thriller",7.6,"260,043","$65,207,127"
983,The Fly,1986,R,96 min,"Drama, Horror, Sci-Fi",7.6,"184,562","$40,456,565"
984,After Hours,1985,R,97 min,"Comedy, Crime, Drama",7.6,"70,043","$10,609,321"
985,The Road Warrior,1981,R,96 min,"Action, Adventure, Sci-Fi",7.6,"181,736","$23,667,907"
986,Close Encounters of the Third Kind,1977,PG,138 min,"Drama, Sci-Fi",7.6,"203,132","$135,189,114"
987,The Taking of Pelham One Two Three,1974,R,104 min,"Action, Crime, Thriller",7.6,"31,251",N/A
988,Enter the Dragon,1973,R,102 min,"Action, Crime, Drama",7.6,"105,411","$25,259"
989,The Odd Couple,1968,Passed,105 min,Comedy,7.6,"35,324","$44,527,234"
990,The Jungle Book,1967,G,78 min,"Animation, Adventure, Comedy",7.6,"184,191","$141,843,612"
991,Repulsion,1965,Not Rated,105 min,"Drama, Horror, Thriller",7.6,"53,796",N/A
992,The Birds,1963,PG-13,119 min,"Drama, Horror, Mystery",7.6,"190,639",N/A
993,Eyes Without a Face,1960,Not Rated,90 min,"Drama, Horror",7.6,"32,225","$58,565"
994,Rebel Without a Cause,1955,PG-13,111 min,Drama,7.6,"91,492","$212,780"
995,Sabrina,1954,Passed,113 min,"Comedy, Drama, Romance",7.6,"65,766",N/A
996,From Here to Eternity,1953,Passed,118 min,"Drama, Romance, War",7.6,"47,409","$36,416"
997,Snow White and the Seven Dwarfs,1937,Approved,83 min,"Animation, Adventure, Family",7.6,"200,347","$184,925,486"
998,The 39 Steps,1935,Approved,86 min,"Crime, Mystery, Thriller",7.6,"57,634",N/A
999,The Invisible Man,1933,Approved,71 min,"Horror, Sci-Fi",7.6,"36,258",N/A
